C,NEMP.WORLD,ROOFTOP_PV_ACTUAL_MEASUREMENT,AEMO,PUBLIC,2023/06/09,07:30:01,0000000389152188,DEMAND,0000000389152188
I,ROOFTOP,ACTUAL,2,INTERVAL_DATETIME,REGIONID,POWER,QI,TYPE,LASTCHANGED
D,ROOFTOP,ACTUAL,2,"2023/06/09 07:00:00",NSW1,3.566,1,MEASUREMENT,"2023/06/09 07:19:15"
D,ROOFTOP,ACTUAL,2,"2023/06/09 07:00:00",QLD1,32.248,1,MEASUREMENT,"2023/06/09 07:19:15"
D,ROOFTOP,ACTUAL,2,"2023/06/09 07:00:00",QLDC,3.313,1,MEASUREMENT,"2023/06/09 07:19:15"
D,ROOFTOP,ACTUAL,2,"2023/06/09 07:00:00",QLDN,2.579,1,MEASUREMENT,"2023/06/09 07:19:15"
D,ROOFTOP,ACTUAL,2,"2023/06/09 07:00:00",QLDS,26.355,1,MEASUREMENT,"2023/06/09 07:19:15"
D,ROOFTOP,ACTUAL,2,"2023/06/09 07:00:00",SA1,0,1,MEASUREMENT,"2023/06/09 07:19:15"
D,ROOFTOP,ACTUAL,2,"2023/06/09 07:00:00",TAS1,0,1,MEASUREMENT,"2023/06/09 07:19:15"
D,ROOFTOP,ACTUAL,2,"2023/06/09 07:00:00",TASN,0,1,MEASUREMENT,"2023/06/09 07:19:15"
D,ROOFTOP,ACTUAL,2,"2023/06/09 07:00:00",TASS,0,1,MEASUREMENT,"2023/06/09 07:19:15"
D,ROOFTOP,ACTUAL,2,"2023/06/09 07:00:00",VIC1,0,1,MEASUREMENT,"2023/06/09 07:19:15"
C,"END OF REPORT",13
