C,NEMP.WORLD,ROOFTOP_PV_ACTUAL_MEASUREMENT,AEMO,PUBLIC,2023/06/18,07:30:01,0000000389861106,DEMAND,0000000389861106
I,ROOFTOP,ACTUAL,2,INTERVAL_DATETIME,REGIONID,POWER,QI,TYPE,LASTCHANGED
D,ROOFTOP,ACTUAL,2,"2023/06/18 07:00:00",NSW1,1.612,1,MEASUREMENT,"2023/06/18 07:19:16"
D,ROOFTOP,ACTUAL,2,"2023/06/18 07:00:00",QLD1,30.541,1,MEASUREMENT,"2023/06/18 07:19:16"
D,ROOFTOP,ACTUAL,2,"2023/06/18 07:00:00",QLDC,2.263,1,MEASUREMENT,"2023/06/18 07:19:16"
D,ROOFTOP,ACTUAL,2,"2023/06/18 07:00:00",QLDN,2.142,1,MEASUREMENT,"2023/06/18 07:19:16"
D,ROOFTOP,ACTUAL,2,"2023/06/18 07:00:00",QLDS,26.136,1,MEASUREMENT,"2023/06/18 07:19:16"
D,ROOFTOP,ACTUAL,2,"2023/06/18 07:00:00",SA1,0,1,MEASUREMENT,"2023/06/18 07:19:16"
D,ROOFTOP,ACTUAL,2,"2023/06/18 07:00:00",TAS1,0,1,MEASUREMENT,"2023/06/18 07:19:16"
D,ROOFTOP,ACTUAL,2,"2023/06/18 07:00:00",TASN,0,1,MEASUREMENT,"2023/06/18 07:19:16"
D,ROOFTOP,ACTUAL,2,"2023/06/18 07:00:00",TASS,0,1,MEASUREMENT,"2023/06/18 07:19:16"
D,ROOFTOP,ACTUAL,2,"2023/06/18 07:00:00",VIC1,0,1,MEASUREMENT,"2023/06/18 07:19:16"
C,"END OF REPORT",13
