C,NEMP.WORLD,ROOFTOP_PV_ACTUAL_MEASUREMENT,AEMO,PUBLIC,2023/07/05,13:30:02,0000000391217894,DEMAND,0000000391217894
I,ROOFTOP,ACTUAL,2,INTERVAL_DATETIME,REGIONID,POWER,QI,TYPE,LASTCHANGED
D,ROOFTOP,ACTUAL,2,"2023/07/05 13:00:00",NSW1,2150.748,1,MEASUREMENT,"2023/07/05 13:19:12"
D,ROOFTOP,ACTUAL,2,"2023/07/05 13:00:00",QLD1,2261.737,1,MEASUREMENT,"2023/07/05 13:19:12"
D,ROOFTOP,ACTUAL,2,"2023/07/05 13:00:00",QLDC,160.461,1,MEASUREMENT,"2023/07/05 13:19:12"
D,ROOFTOP,ACTUAL,2,"2023/07/05 13:00:00",QLDN,412.639,1,MEASUREMENT,"2023/07/05 13:19:13"
D,ROOFTOP,ACTUAL,2,"2023/07/05 13:00:00",QLDS,1688.637,1,MEASUREMENT,"2023/07/05 13:19:13"
D,ROOFTOP,ACTUAL,2,"2023/07/05 13:00:00",SA1,876.763,1,MEASUREMENT,"2023/07/05 13:19:13"
D,ROOFTOP,ACTUAL,2,"2023/07/05 13:00:00",TAS1,41.223,1,MEASUREMENT,"2023/07/05 13:19:13"
D,ROOFTOP,ACTUAL,2,"2023/07/05 13:00:00",TASN,13.922,1,MEASUREMENT,"2023/07/05 13:19:13"
D,ROOFTOP,ACTUAL,2,"2023/07/05 13:00:00",TASS,27.213,1,MEASUREMENT,"2023/07/05 13:19:13"
D,ROOFTOP,ACTUAL,2,"2023/07/05 13:00:00",VIC1,896.697,1,MEASUREMENT,"2023/07/05 13:19:13"
C,"END OF REPORT",13
