C,NEMP.WORLD,ROOFTOP_PV_ACTUAL_SATELLITE,AEMO,PUBLIC,2023/05/03,18:30:03,0000000386332992,DEMAND,0000000386332991
I,ROOFTOP,ACTUAL,2,INTERVAL_DATETIME,REGIONID,POWER,QI,TYPE,LASTCHANGED
D,ROOFTOP,ACTUAL,2,"2023/05/03 18:00:00",NSW1,0,0.6,SATELLITE,"2023/05/03 18:20:21"
D,ROOFTOP,ACTUAL,2,"2023/05/03 18:00:00",QLD1,2.492,0.6,SATELLITE,"2023/05/03 18:20:22"
D,ROOFTOP,ACTUAL,2,"2023/05/03 18:00:00",QLDC,0,0.6,SATELLITE,"2023/05/03 18:20:22"
D,ROOFTOP,ACTUAL,2,"2023/05/03 18:00:00",QLDN,2.492,0.6,SATELLITE,"2023/05/03 18:20:22"
D,ROOFTOP,ACTUAL,2,"2023/05/03 18:00:00",QLDS,0,0.6,SATELLITE,"2023/05/03 18:20:22"
D,ROOFTOP,ACTUAL,2,"2023/05/03 18:00:00",SA1,19.72,0.6,SATELLITE,"2023/05/03 18:20:22"
D,ROOFTOP,ACTUAL,2,"2023/05/03 18:00:00",TAS1,0,0.6,SATELLITE,"2023/05/03 18:20:22"
D,ROOFTOP,ACTUAL,2,"2023/05/03 18:00:00",TASN,0,0.6,SATELLITE,"2023/05/03 18:20:22"
D,ROOFTOP,ACTUAL,2,"2023/05/03 18:00:00",TASS,0,0.6,SATELLITE,"2023/05/03 18:20:22"
D,ROOFTOP,ACTUAL,2,"2023/05/03 18:00:00",VIC1,0.04,0.6,SATELLITE,"2023/05/03 18:20:22"
C,"END OF REPORT",13
