C,NEMP.WORLD,ROOFTOP_PV_ACTUAL_MEASUREMENT,AEMO,PUBLIC,2023/10/29,19:30:02,0000000400986839,DEMAND,0000000400986839
I,ROOFTOP,ACTUAL,2,INTERVAL_DATETIME,REGIONID,POWER,QI,TYPE,LASTCHANGED
D,ROOFTOP,ACTUAL,2,"2023/10/29 19:00:00",NSW1,0,1,MEASUREMENT,"2023/10/29 19:19:09"
D,ROOFTOP,ACTUAL,2,"2023/10/29 19:00:00",QLD1,0,1,MEASUREMENT,"2023/10/29 19:19:09"
D,ROOFTOP,ACTUAL,2,"2023/10/29 19:00:00",QLDC,0,1,MEASUREMENT,"2023/10/29 19:19:09"
D,ROOFTOP,ACTUAL,2,"2023/10/29 19:00:00",QLDN,0,1,MEASUREMENT,"2023/10/29 19:19:09"
D,ROOFTOP,ACTUAL,2,"2023/10/29 19:00:00",QLDS,0,1,MEASUREMENT,"2023/10/29 19:19:09"
D,ROOFTOP,ACTUAL,2,"2023/10/29 19:00:00",SA1,27.63,1,MEASUREMENT,"2023/10/29 19:19:09"
D,ROOFTOP,ACTUAL,2,"2023/10/29 19:00:00",TAS1,0.311,1,MEASUREMENT,"2023/10/29 19:19:09"
D,ROOFTOP,ACTUAL,2,"2023/10/29 19:00:00",TASN,0.097,1,MEASUREMENT,"2023/10/29 19:19:09"
D,ROOFTOP,ACTUAL,2,"2023/10/29 19:00:00",TASS,0.213,1,MEASUREMENT,"2023/10/29 19:19:09"
D,ROOFTOP,ACTUAL,2,"2023/10/29 19:00:00",VIC1,7.864,1,MEASUREMENT,"2023/10/29 19:19:09"
C,"END OF REPORT",13
