C,NEMP.WORLD,ROOFTOP_PV_ACTUAL_SATELLITE,AEMO,PUBLIC,2023/11/01,19:30:01,0000000401240662,DEMAND,0000000401240661
I,ROOFTOP,ACTUAL,2,INTERVAL_DATETIME,REGIONID,POWER,QI,TYPE,LASTCHANGED
D,ROOFTOP,ACTUAL,2,"2023/11/01 19:00:00",NSW1,0.05,0.6,SATELLITE,"2023/11/01 19:20:25"
D,ROOFTOP,ACTUAL,2,"2023/11/01 19:00:00",QLD1,0,0.6,SATELLITE,"2023/11/01 19:20:25"
D,ROOFTOP,ACTUAL,2,"2023/11/01 19:00:00",QLDC,0,0.6,SATELLITE,"2023/11/01 19:20:25"
D,ROOFTOP,ACTUAL,2,"2023/11/01 19:00:00",QLDN,0,0.6,SATELLITE,"2023/11/01 19:20:25"
D,ROOFTOP,ACTUAL,2,"2023/11/01 19:00:00",QLDS,0,0.6,SATELLITE,"2023/11/01 19:20:25"
D,ROOFTOP,ACTUAL,2,"2023/11/01 19:00:00",SA1,56.827,0.6,SATELLITE,"2023/11/01 19:20:25"
D,ROOFTOP,ACTUAL,2,"2023/11/01 19:00:00",TAS1,1.26,0.6,SATELLITE,"2023/11/01 19:20:25"
D,ROOFTOP,ACTUAL,2,"2023/11/01 19:00:00",TASN,0.718,0.6,SATELLITE,"2023/11/01 19:20:25"
D,ROOFTOP,ACTUAL,2,"2023/11/01 19:00:00",TASS,0.542,0.6,SATELLITE,"2023/11/01 19:20:25"
D,ROOFTOP,ACTUAL,2,"2023/11/01 19:00:00",VIC1,20.31,0.6,SATELLITE,"2023/11/01 19:20:25"
C,"END OF REPORT",13
