C,NEMP.WORLD,ROOFTOP_PV_ACTUAL_SATELLITE,AEMO,PUBLIC,2023/12/08,05:00:01,0000000404844230,DEMAND,0000000404844229
I,ROOFTOP,ACTUAL,2,INTERVAL_DATETIME,REGIONID,POWER,QI,TYPE,LASTCHANGED
D,ROOFTOP,ACTUAL,2,"2023/12/08 04:30:00",NSW1,0,0.6,SATELLITE,"2023/12/08 04:50:26"
D,ROOFTOP,ACTUAL,2,"2023/12/08 04:30:00",QLD1,0,0.6,SATELLITE,"2023/12/08 04:50:26"
D,ROOFTOP,ACTUAL,2,"2023/12/08 04:30:00",QLDC,0,0.6,SATELLITE,"2023/12/08 04:50:26"
D,ROOFTOP,ACTUAL,2,"2023/12/08 04:30:00",QLDN,0,0.6,SATELLITE,"2023/12/08 04:50:26"
D,ROOFTOP,ACTUAL,2,"2023/12/08 04:30:00",QLDS,0,0.6,SATELLITE,"2023/12/08 04:50:26"
D,ROOFTOP,ACTUAL,2,"2023/12/08 04:30:00",SA1,0,0.6,SATELLITE,"2023/12/08 04:50:27"
D,ROOFTOP,ACTUAL,2,"2023/12/08 04:30:00",TAS1,0.12,0.6,SATELLITE,"2023/12/08 04:50:27"
D,ROOFTOP,ACTUAL,2,"2023/12/08 04:30:00",TASN,0.069,0.6,SATELLITE,"2023/12/08 04:50:27"
D,ROOFTOP,ACTUAL,2,"2023/12/08 04:30:00",TASS,0.051,0.6,SATELLITE,"2023/12/08 04:50:27"
D,ROOFTOP,ACTUAL,2,"2023/12/08 04:30:00",VIC1,0,0.6,SATELLITE,"2023/12/08 04:50:27"
C,"END OF REPORT",13
