C,NEMP.WORLD,ROOFTOP_PV_ACTUAL_SATELLITE,AEMO,PUBLIC,2024/01/14,05:30:02,0000000408365094,DEMAND,0000000408365093
I,ROOFTOP,ACTUAL,2,INTERVAL_DATETIME,REGIONID,POWER,QI,TYPE,LASTCHANGED
D,ROOFTOP,ACTUAL,2,"2024/01/14 05:00:00",NSW1,7.599,0.6,SATELLITE,"2024/01/14 05:20:24"
D,ROOFTOP,ACTUAL,2,"2024/01/14 05:00:00",QLD1,1.496,0.6,SATELLITE,"2024/01/14 05:20:24"
D,ROOFTOP,ACTUAL,2,"2024/01/14 05:00:00",QLDC,0,0.6,SATELLITE,"2024/01/14 05:20:24"
D,ROOFTOP,ACTUAL,2,"2024/01/14 05:00:00",QLDN,0,0.6,SATELLITE,"2024/01/14 05:20:24"
D,ROOFTOP,ACTUAL,2,"2024/01/14 05:00:00",QLDS,1.496,0.6,SATELLITE,"2024/01/14 05:20:24"
D,ROOFTOP,ACTUAL,2,"2024/01/14 05:00:00",SA1,0,0.6,SATELLITE,"2024/01/14 05:20:24"
D,ROOFTOP,ACTUAL,2,"2024/01/14 05:00:00",TAS1,1.39,0.6,SATELLITE,"2024/01/14 05:20:24"
D,ROOFTOP,ACTUAL,2,"2024/01/14 05:00:00",TASN,0.548,0.6,SATELLITE,"2024/01/14 05:20:24"
D,ROOFTOP,ACTUAL,2,"2024/01/14 05:00:00",TASS,0.841,0.6,SATELLITE,"2024/01/14 05:20:24"
D,ROOFTOP,ACTUAL,2,"2024/01/14 05:00:00",VIC1,0.028,0.6,SATELLITE,"2024/01/14 05:20:24"
C,"END OF REPORT",13
