C,NEMP.WORLD,ROOFTOP_PV_ACTUAL_MEASUREMENT,AEMO,PUBLIC,2023/11/07,05:30:02,0000000401679466,DEMAND,0000000401679466
I,ROOFTOP,ACTUAL,2,INTERVAL_DATETIME,REGIONID,POWER,QI,TYPE,LASTCHANGED
D,ROOFTOP,ACTUAL,2,"2023/11/07 05:00:00",NSW1,2.107,1,MEASUREMENT,"2023/11/07 05:19:13"
D,ROOFTOP,ACTUAL,2,"2023/11/07 05:00:00",QLD1,1.148,1,MEASUREMENT,"2023/11/07 05:19:13"
D,ROOFTOP,ACTUAL,2,"2023/11/07 05:00:00",QLDC,0,1,MEASUREMENT,"2023/11/07 05:19:13"
D,ROOFTOP,ACTUAL,2,"2023/11/07 05:00:00",QLDN,0,1,MEASUREMENT,"2023/11/07 05:19:13"
D,ROOFTOP,ACTUAL,2,"2023/11/07 05:00:00",QLDS,1.148,1,MEASUREMENT,"2023/11/07 05:19:13"
D,ROOFTOP,ACTUAL,2,"2023/11/07 05:00:00",SA1,0,1,MEASUREMENT,"2023/11/07 05:19:13"
D,ROOFTOP,ACTUAL,2,"2023/11/07 05:00:00",TAS1,0.274,1,MEASUREMENT,"2023/11/07 05:19:13"
D,ROOFTOP,ACTUAL,2,"2023/11/07 05:00:00",TASN,0.04,1,MEASUREMENT,"2023/11/07 05:19:13"
D,ROOFTOP,ACTUAL,2,"2023/11/07 05:00:00",TASS,0.233,1,MEASUREMENT,"2023/11/07 05:19:13"
D,ROOFTOP,ACTUAL,2,"2023/11/07 05:00:00",VIC1,0,1,MEASUREMENT,"2023/11/07 05:19:13"
C,"END OF REPORT",13
