C,NEMP.WORLD,ROOFTOP_PV_ACTUAL_MEASUREMENT,AEMO,PUBLIC,2023/05/14,07:30:03,0000000387131034,DEMAND,0000000387131034
I,ROOFTOP,ACTUAL,2,INTERVAL_DATETIME,REGIONID,POWER,QI,TYPE,LASTCHANGED
D,ROOFTOP,ACTUAL,2,"2023/05/14 07:00:00",NSW1,20.896,1,MEASUREMENT,"2023/05/14 07:19:22"
D,ROOFTOP,ACTUAL,2,"2023/05/14 07:00:00",QLD1,77.256,1,MEASUREMENT,"2023/05/14 07:19:22"
D,ROOFTOP,ACTUAL,2,"2023/05/14 07:00:00",QLDC,5.085,1,MEASUREMENT,"2023/05/14 07:19:22"
D,ROOFTOP,ACTUAL,2,"2023/05/14 07:00:00",QLDN,7.173,1,MEASUREMENT,"2023/05/14 07:19:23"
D,ROOFTOP,ACTUAL,2,"2023/05/14 07:00:00",QLDS,64.998,1,MEASUREMENT,"2023/05/14 07:19:23"
D,ROOFTOP,ACTUAL,2,"2023/05/14 07:00:00",SA1,0,1,MEASUREMENT,"2023/05/14 07:19:23"
D,ROOFTOP,ACTUAL,2,"2023/05/14 07:00:00",TAS1,0,1,MEASUREMENT,"2023/05/14 07:19:23"
D,ROOFTOP,ACTUAL,2,"2023/05/14 07:00:00",TASN,0,1,MEASUREMENT,"2023/05/14 07:19:23"
D,ROOFTOP,ACTUAL,2,"2023/05/14 07:00:00",TASS,0,1,MEASUREMENT,"2023/05/14 07:19:23"
D,ROOFTOP,ACTUAL,2,"2023/05/14 07:00:00",VIC1,0,1,MEASUREMENT,"2023/05/14 07:19:23"
C,"END OF REPORT",13
