C,NEMP.WORLD,ROOFTOP_PV_ACTUAL_SATELLITE,AEMO,PUBLIC,2023/07/01,07:30:02,0000000390886244,DEMAND,0000000390886243
I,ROOFTOP,ACTUAL,2,INTERVAL_DATETIME,REGIONID,POWER,QI,TYPE,LASTCHANGED
D,ROOFTOP,ACTUAL,2,"2023/07/01 07:00:00",NSW1,9.699,0.6,SATELLITE,"2023/07/01 07:20:23"
D,ROOFTOP,ACTUAL,2,"2023/07/01 07:00:00",QLD1,33.391,0.6,SATELLITE,"2023/07/01 07:20:23"
D,ROOFTOP,ACTUAL,2,"2023/07/01 07:00:00",QLDC,3.294,0.6,SATELLITE,"2023/07/01 07:20:23"
D,ROOFTOP,ACTUAL,2,"2023/07/01 07:00:00",QLDN,6.688,0.6,SATELLITE,"2023/07/01 07:20:23"
D,ROOFTOP,ACTUAL,2,"2023/07/01 07:00:00",QLDS,23.409,0.6,SATELLITE,"2023/07/01 07:20:23"
D,ROOFTOP,ACTUAL,2,"2023/07/01 07:00:00",SA1,0,0.6,SATELLITE,"2023/07/01 07:20:23"
D,ROOFTOP,ACTUAL,2,"2023/07/01 07:00:00",TAS1,0,0.6,SATELLITE,"2023/07/01 07:20:24"
D,ROOFTOP,ACTUAL,2,"2023/07/01 07:00:00",TASN,0,0.6,SATELLITE,"2023/07/01 07:20:24"
D,ROOFTOP,ACTUAL,2,"2023/07/01 07:00:00",TASS,0,0.6,SATELLITE,"2023/07/01 07:20:24"
D,ROOFTOP,ACTUAL,2,"2023/07/01 07:00:00",VIC1,0,0.6,SATELLITE,"2023/07/01 07:20:24"
C,"END OF REPORT",13
