C,NEMP.WORLD,ROOFTOP_PV_ACTUAL_SATELLITE,AEMO,PUBLIC,2023/12/27,10:30:01,0000000406902618,DEMAND,0000000406902617
I,ROOFTOP,ACTUAL,2,INTERVAL_DATETIME,REGIONID,POWER,QI,TYPE,LASTCHANGED
D,ROOFTOP,ACTUAL,2,"2023/12/27 10:00:00",NSW1,3399.98,0.6,SATELLITE,"2023/12/27 10:20:23"
D,ROOFTOP,ACTUAL,2,"2023/12/27 10:00:00",QLD1,3722.378,0.6,SATELLITE,"2023/12/27 10:20:23"
D,ROOFTOP,ACTUAL,2,"2023/12/27 10:00:00",QLDC,305.28,0.6,SATELLITE,"2023/12/27 10:20:23"
D,ROOFTOP,ACTUAL,2,"2023/12/27 10:00:00",QLDN,458.895,0.6,SATELLITE,"2023/12/27 10:20:23"
D,ROOFTOP,ACTUAL,2,"2023/12/27 10:00:00",QLDS,2958.203,0.6,SATELLITE,"2023/12/27 10:20:23"
D,ROOFTOP,ACTUAL,2,"2023/12/27 10:00:00",SA1,806.042,0.6,SATELLITE,"2023/12/27 10:20:24"
D,ROOFTOP,ACTUAL,2,"2023/12/27 10:00:00",TAS1,185.362,0.6,SATELLITE,"2023/12/27 10:20:24"
D,ROOFTOP,ACTUAL,2,"2023/12/27 10:00:00",TASN,99.274,0.6,SATELLITE,"2023/12/27 10:20:24"
D,ROOFTOP,ACTUAL,2,"2023/12/27 10:00:00",TASS,86.089,0.6,SATELLITE,"2023/12/27 10:20:24"
D,ROOFTOP,ACTUAL,2,"2023/12/27 10:00:00",VIC1,2236.8,0.6,SATELLITE,"2023/12/27 10:20:24"
C,"END OF REPORT",13
