C,NEMP.WORLD,ROOFTOP_PV_ACTUAL_SATELLITE,AEMO,PUBLIC,2024/02/16,17:30:01,0000000411278009,DEMAND,0000000411278008
I,ROOFTOP,ACTUAL,2,INTERVAL_DATETIME,REGIONID,POWER,QI,TYPE,LASTCHANGED
D,ROOFTOP,ACTUAL,2,"2024/02/16 17:00:00",NSW1,924.068,0.6,SATELLITE,"2024/02/16 17:20:27"
D,ROOFTOP,ACTUAL,2,"2024/02/16 17:00:00",QLD1,356.706,0.6,SATELLITE,"2024/02/16 17:20:27"
D,ROOFTOP,ACTUAL,2,"2024/02/16 17:00:00",QLDC,26.097,0.6,SATELLITE,"2024/02/16 17:20:27"
D,ROOFTOP,ACTUAL,2,"2024/02/16 17:00:00",QLDN,38.995,0.6,SATELLITE,"2024/02/16 17:20:27"
D,ROOFTOP,ACTUAL,2,"2024/02/16 17:00:00",QLDS,291.614,0.6,SATELLITE,"2024/02/16 17:20:27"
D,ROOFTOP,ACTUAL,2,"2024/02/16 17:00:00",SA1,961.751,0.6,SATELLITE,"2024/02/16 17:20:27"
D,ROOFTOP,ACTUAL,2,"2024/02/16 17:00:00",TAS1,89.098,0.6,SATELLITE,"2024/02/16 17:20:27"
D,ROOFTOP,ACTUAL,2,"2024/02/16 17:00:00",TASN,50.465,0.6,SATELLITE,"2024/02/16 17:20:27"
D,ROOFTOP,ACTUAL,2,"2024/02/16 17:00:00",TASS,38.633,0.6,SATELLITE,"2024/02/16 17:20:27"
D,ROOFTOP,ACTUAL,2,"2024/02/16 17:00:00",VIC1,1321.945,0.6,SATELLITE,"2024/02/16 17:20:27"
C,"END OF REPORT",13
