C,NEMP.WORLD,ROOFTOP_PV_ACTUAL_SATELLITE,AEMO,PUBLIC,2023/11/07,05:30:02,0000000401679467,DEMAND,0000000401679466
I,ROOFTOP,ACTUAL,2,INTERVAL_DATETIME,REGIONID,POWER,QI,TYPE,LASTCHANGED
D,ROOFTOP,ACTUAL,2,"2023/11/07 05:00:00",NSW1,32.143,0.6,SATELLITE,"2023/11/07 05:20:25"
D,ROOFTOP,ACTUAL,2,"2023/11/07 05:00:00",QLD1,21.609,0.6,SATELLITE,"2023/11/07 05:20:25"
D,ROOFTOP,ACTUAL,2,"2023/11/07 05:00:00",QLDC,0.73,0.6,SATELLITE,"2023/11/07 05:20:25"
D,ROOFTOP,ACTUAL,2,"2023/11/07 05:00:00",QLDN,0,0.6,SATELLITE,"2023/11/07 05:20:25"
D,ROOFTOP,ACTUAL,2,"2023/11/07 05:00:00",QLDS,20.88,0.6,SATELLITE,"2023/11/07 05:20:25"
D,ROOFTOP,ACTUAL,2,"2023/11/07 05:00:00",SA1,0,0.6,SATELLITE,"2023/11/07 05:20:25"
D,ROOFTOP,ACTUAL,2,"2023/11/07 05:00:00",TAS1,1.367,0.6,SATELLITE,"2023/11/07 05:20:25"
D,ROOFTOP,ACTUAL,2,"2023/11/07 05:00:00",TASN,0.628,0.6,SATELLITE,"2023/11/07 05:20:25"
D,ROOFTOP,ACTUAL,2,"2023/11/07 05:00:00",TASS,0.739,0.6,SATELLITE,"2023/11/07 05:20:25"
D,ROOFTOP,ACTUAL,2,"2023/11/07 05:00:00",VIC1,0.717,0.6,SATELLITE,"2023/11/07 05:20:25"
C,"END OF REPORT",13
