C,NEMP.WORLD,ROOFTOP_PV_ACTUAL_MEASUREMENT,AEMO,PUBLIC,2023/06/19,18:00:01,0000000389971553,DEMAND,0000000389971553
I,ROOFTOP,ACTUAL,2,INTERVAL_DATETIME,REGIONID,POWER,QI,TYPE,LASTCHANGED
D,ROOFTOP,ACTUAL,2,"2023/06/19 17:30:00",NSW1,0.05,1,MEASUREMENT,"2023/06/19 17:49:18"
D,ROOFTOP,ACTUAL,2,"2023/06/19 17:30:00",QLD1,20.169,1,MEASUREMENT,"2023/06/19 17:49:18"
D,ROOFTOP,ACTUAL,2,"2023/06/19 17:30:00",QLDC,0.326,1,MEASUREMENT,"2023/06/19 17:49:18"
D,ROOFTOP,ACTUAL,2,"2023/06/19 17:30:00",QLDN,19.795,1,MEASUREMENT,"2023/06/19 17:49:18"
D,ROOFTOP,ACTUAL,2,"2023/06/19 17:30:00",QLDS,0.048,1,MEASUREMENT,"2023/06/19 17:49:18"
D,ROOFTOP,ACTUAL,2,"2023/06/19 17:30:00",SA1,34.234,1,MEASUREMENT,"2023/06/19 17:49:18"
D,ROOFTOP,ACTUAL,2,"2023/06/19 17:30:00",TAS1,0,1,MEASUREMENT,"2023/06/19 17:49:18"
D,ROOFTOP,ACTUAL,2,"2023/06/19 17:30:00",TASN,0,1,MEASUREMENT,"2023/06/19 17:49:18"
D,ROOFTOP,ACTUAL,2,"2023/06/19 17:30:00",TASS,0,1,MEASUREMENT,"2023/06/19 17:49:18"
D,ROOFTOP,ACTUAL,2,"2023/06/19 17:30:00",VIC1,0.896,1,MEASUREMENT,"2023/06/19 17:49:18"
C,"END OF REPORT",13
