C,NEMP.WORLD,ROOFTOP_PV_ACTUAL_SATELLITE,AEMO,PUBLIC,2023/03/30,19:00:03,0000000383856415,DEMAND,0000000383856414
I,ROOFTOP,ACTUAL,2,INTERVAL_DATETIME,REGIONID,POWER,QI,TYPE,LASTCHANGED
D,ROOFTOP,ACTUAL,2,"2023/03/30 18:30:00",NSW1,0.027,0.6,SATELLITE,"2023/03/30 18:50:24"
D,ROOFTOP,ACTUAL,2,"2023/03/30 18:30:00",QLD1,1.309,0.6,SATELLITE,"2023/03/30 18:50:24"
D,ROOFTOP,ACTUAL,2,"2023/03/30 18:30:00",QLDC,0,0.6,SATELLITE,"2023/03/30 18:50:24"
D,ROOFTOP,ACTUAL,2,"2023/03/30 18:30:00",QLDN,1.309,0.6,SATELLITE,"2023/03/30 18:50:24"
D,ROOFTOP,ACTUAL,2,"2023/03/30 18:30:00",QLDS,0,0.6,SATELLITE,"2023/03/30 18:50:24"
D,ROOFTOP,ACTUAL,2,"2023/03/30 18:30:00",SA1,52.155,0.6,SATELLITE,"2023/03/30 18:50:24"
D,ROOFTOP,ACTUAL,2,"2023/03/30 18:30:00",TAS1,0.002,0.6,SATELLITE,"2023/03/30 18:50:24"
D,ROOFTOP,ACTUAL,2,"2023/03/30 18:30:00",TASN,0.002,0.6,SATELLITE,"2023/03/30 18:50:24"
D,ROOFTOP,ACTUAL,2,"2023/03/30 18:30:00",TASS,0,0.6,SATELLITE,"2023/03/30 18:50:24"
D,ROOFTOP,ACTUAL,2,"2023/03/30 18:30:00",VIC1,6.594,0.6,SATELLITE,"2023/03/30 18:50:24"
C,"END OF REPORT",13
