C,NEMP.WORLD,ROOFTOP_PV_ACTUAL_MEASUREMENT,AEMO,PUBLIC,2023/05/15,18:00:03,0000000387239580,DEMAND,0000000387239580
I,ROOFTOP,ACTUAL,2,INTERVAL_DATETIME,REGIONID,POWER,QI,TYPE,LASTCHANGED
D,ROOFTOP,ACTUAL,2,"2023/05/15 17:30:00",NSW1,1.658,1,MEASUREMENT,"2023/05/15 17:49:21"
D,ROOFTOP,ACTUAL,2,"2023/05/15 17:30:00",QLD1,22.772,1,MEASUREMENT,"2023/05/15 17:49:22"
D,ROOFTOP,ACTUAL,2,"2023/05/15 17:30:00",QLDC,0.866,1,MEASUREMENT,"2023/05/15 17:49:22"
D,ROOFTOP,ACTUAL,2,"2023/05/15 17:30:00",QLDN,21.898,1,MEASUREMENT,"2023/05/15 17:49:22"
D,ROOFTOP,ACTUAL,2,"2023/05/15 17:30:00",QLDS,0.009,1,MEASUREMENT,"2023/05/15 17:49:22"
D,ROOFTOP,ACTUAL,2,"2023/05/15 17:30:00",SA1,86.097,1,MEASUREMENT,"2023/05/15 17:49:22"
D,ROOFTOP,ACTUAL,2,"2023/05/15 17:30:00",TAS1,0,1,MEASUREMENT,"2023/05/15 17:49:22"
D,ROOFTOP,ACTUAL,2,"2023/05/15 17:30:00",TASN,0,1,MEASUREMENT,"2023/05/15 17:49:22"
D,ROOFTOP,ACTUAL,2,"2023/05/15 17:30:00",TASS,0,1,MEASUREMENT,"2023/05/15 17:49:22"
D,ROOFTOP,ACTUAL,2,"2023/05/15 17:30:00",VIC1,12.404,1,MEASUREMENT,"2023/05/15 17:49:22"
C,"END OF REPORT",13
