C,NEMP.WORLD,ROOFTOP_PV_ACTUAL_SATELLITE,AEMO,PUBLIC,2023/04/25,11:30:03,0000000385702383,DEMAND,0000000385702382
I,ROOFTOP,ACTUAL,2,INTERVAL_DATETIME,REGIONID,POWER,QI,TYPE,LASTCHANGED
D,ROOFTOP,ACTUAL,2,"2023/04/25 11:00:00",NSW1,2467.195,0.6,SATELLITE,"2023/04/25 11:20:21"
D,ROOFTOP,ACTUAL,2,"2023/04/25 11:00:00",QLD1,1874.581,0.6,SATELLITE,"2023/04/25 11:20:21"
D,ROOFTOP,ACTUAL,2,"2023/04/25 11:00:00",QLDC,199.884,0.6,SATELLITE,"2023/04/25 11:20:21"
D,ROOFTOP,ACTUAL,2,"2023/04/25 11:00:00",QLDN,210.695,0.6,SATELLITE,"2023/04/25 11:20:21"
D,ROOFTOP,ACTUAL,2,"2023/04/25 11:00:00",QLDS,1464.001,0.6,SATELLITE,"2023/04/25 11:20:21"
D,ROOFTOP,ACTUAL,2,"2023/04/25 11:00:00",SA1,862.885,0.6,SATELLITE,"2023/04/25 11:20:21"
D,ROOFTOP,ACTUAL,2,"2023/04/25 11:00:00",TAS1,65.855,0.6,SATELLITE,"2023/04/25 11:20:21"
D,ROOFTOP,ACTUAL,2,"2023/04/25 11:00:00",TASN,56.313,0.6,SATELLITE,"2023/04/25 11:20:22"
D,ROOFTOP,ACTUAL,2,"2023/04/25 11:00:00",TASS,9.542,0.6,SATELLITE,"2023/04/25 11:20:22"
D,ROOFTOP,ACTUAL,2,"2023/04/25 11:00:00",VIC1,1682.723,0.6,SATELLITE,"2023/04/25 11:20:22"
C,"END OF REPORT",13
