C,NEMP.WORLD,ROOFTOP_PV_ACTUAL_MEASUREMENT,AEMO,PUBLIC,2023/11/08,19:30:02,0000000401813694,DEMAND,0000000401813694
I,ROOFTOP,ACTUAL,2,INTERVAL_DATETIME,REGIONID,POWER,QI,TYPE,LASTCHANGED
D,ROOFTOP,ACTUAL,2,"2023/11/08 19:00:00",NSW1,0.459,1,MEASUREMENT,"2023/11/08 19:19:11"
D,ROOFTOP,ACTUAL,2,"2023/11/08 19:00:00",QLD1,0,1,MEASUREMENT,"2023/11/08 19:19:11"
D,ROOFTOP,ACTUAL,2,"2023/11/08 19:00:00",QLDC,0,1,MEASUREMENT,"2023/11/08 19:19:11"
D,ROOFTOP,ACTUAL,2,"2023/11/08 19:00:00",QLDN,0,1,MEASUREMENT,"2023/11/08 19:19:11"
D,ROOFTOP,ACTUAL,2,"2023/11/08 19:00:00",QLDS,0,1,MEASUREMENT,"2023/11/08 19:19:11"
D,ROOFTOP,ACTUAL,2,"2023/11/08 19:00:00",SA1,69.293,1,MEASUREMENT,"2023/11/08 19:19:11"
D,ROOFTOP,ACTUAL,2,"2023/11/08 19:00:00",TAS1,1.474,1,MEASUREMENT,"2023/11/08 19:19:11"
D,ROOFTOP,ACTUAL,2,"2023/11/08 19:00:00",TASN,0.856,1,MEASUREMENT,"2023/11/08 19:19:11"
D,ROOFTOP,ACTUAL,2,"2023/11/08 19:00:00",TASS,0.619,1,MEASUREMENT,"2023/11/08 19:19:11"
D,ROOFTOP,ACTUAL,2,"2023/11/08 19:00:00",VIC1,42.586,1,MEASUREMENT,"2023/11/08 19:19:11"
C,"END OF REPORT",13
