C,NEMP.WORLD,ROOFTOP_PV_ACTUAL_MEASUREMENT,AEMO,PUBLIC,2023/08/09,07:30:01,0000000394123421,DEMAND,0000000394123421
I,ROOFTOP,ACTUAL,2,INTERVAL_DATETIME,REGIONID,POWER,QI,TYPE,LASTCHANGED
D,ROOFTOP,ACTUAL,2,"2023/08/09 07:00:00",NSW1,14.175,1,MEASUREMENT,"2023/08/09 07:19:12"
D,ROOFTOP,ACTUAL,2,"2023/08/09 07:00:00",QLD1,59.201,1,MEASUREMENT,"2023/08/09 07:19:12"
D,ROOFTOP,ACTUAL,2,"2023/08/09 07:00:00",QLDC,5.073,0.7,MEASUREMENT,"2023/08/09 07:19:12"
D,ROOFTOP,ACTUAL,2,"2023/08/09 07:00:00",QLDN,3.825,1,MEASUREMENT,"2023/08/09 07:19:12"
D,ROOFTOP,ACTUAL,2,"2023/08/09 07:00:00",QLDS,50.303,1,MEASUREMENT,"2023/08/09 07:19:12"
D,ROOFTOP,ACTUAL,2,"2023/08/09 07:00:00",SA1,0,1,MEASUREMENT,"2023/08/09 07:19:12"
D,ROOFTOP,ACTUAL,2,"2023/08/09 07:00:00",TAS1,0,1,MEASUREMENT,"2023/08/09 07:19:12"
D,ROOFTOP,ACTUAL,2,"2023/08/09 07:00:00",TASN,0,1,MEASUREMENT,"2023/08/09 07:19:12"
D,ROOFTOP,ACTUAL,2,"2023/08/09 07:00:00",TASS,0,1,MEASUREMENT,"2023/08/09 07:19:12"
D,ROOFTOP,ACTUAL,2,"2023/08/09 07:00:00",VIC1,0,1,MEASUREMENT,"2023/08/09 07:19:12"
C,"END OF REPORT",13
