C,NEMP.WORLD,ROOFTOP_PV_ACTUAL_SATELLITE,AEMO,PUBLIC,2023/12/26,14:00:02,0000000406835312,DEMAND,0000000406835311
I,ROOFTOP,ACTUAL,2,INTERVAL_DATETIME,REGIONID,POWER,QI,TYPE,LASTCHANGED
D,ROOFTOP,ACTUAL,2,"2023/12/26 13:30:00",NSW1,3212.598,0.6,SATELLITE,"2023/12/26 13:50:25"
D,ROOFTOP,ACTUAL,2,"2023/12/26 13:30:00",QLD1,3119.247,0.6,SATELLITE,"2023/12/26 13:50:25"
D,ROOFTOP,ACTUAL,2,"2023/12/26 13:30:00",QLDC,214.538,0.6,SATELLITE,"2023/12/26 13:50:25"
D,ROOFTOP,ACTUAL,2,"2023/12/26 13:30:00",QLDN,516.197,0.6,SATELLITE,"2023/12/26 13:50:25"
D,ROOFTOP,ACTUAL,2,"2023/12/26 13:30:00",QLDS,2388.512,0.6,SATELLITE,"2023/12/26 13:50:25"
D,ROOFTOP,ACTUAL,2,"2023/12/26 13:30:00",SA1,778.825,0.6,SATELLITE,"2023/12/26 13:50:25"
D,ROOFTOP,ACTUAL,2,"2023/12/26 13:30:00",TAS1,195.851,0.6,SATELLITE,"2023/12/26 13:50:25"
D,ROOFTOP,ACTUAL,2,"2023/12/26 13:30:00",TASN,95.305,0.6,SATELLITE,"2023/12/26 13:50:25"
D,ROOFTOP,ACTUAL,2,"2023/12/26 13:30:00",TASS,100.546,0.6,SATELLITE,"2023/12/26 13:50:25"
D,ROOFTOP,ACTUAL,2,"2023/12/26 13:30:00",VIC1,1025.736,0.6,SATELLITE,"2023/12/26 13:50:25"
C,"END OF REPORT",13
