C,NEMP.WORLD,ROOFTOP_PV_ACTUAL_SATELLITE,AEMO,PUBLIC,2023/04/02,19:00:03,0000000384062763,DEMAND,0000000384062762
I,ROOFTOP,ACTUAL,2,INTERVAL_DATETIME,REGIONID,POWER,QI,TYPE,LASTCHANGED
D,ROOFTOP,ACTUAL,2,"2023/04/02 18:30:00",NSW1,0,0.6,SATELLITE,"2023/04/02 18:50:25"
D,ROOFTOP,ACTUAL,2,"2023/04/02 18:30:00",QLD1,1.04,0.6,SATELLITE,"2023/04/02 18:50:25"
D,ROOFTOP,ACTUAL,2,"2023/04/02 18:30:00",QLDC,0,0.6,SATELLITE,"2023/04/02 18:50:25"
D,ROOFTOP,ACTUAL,2,"2023/04/02 18:30:00",QLDN,1.04,0.6,SATELLITE,"2023/04/02 18:50:26"
D,ROOFTOP,ACTUAL,2,"2023/04/02 18:30:00",QLDS,0,0.6,SATELLITE,"2023/04/02 18:50:26"
D,ROOFTOP,ACTUAL,2,"2023/04/02 18:30:00",SA1,44.447,0.6,SATELLITE,"2023/04/02 18:50:26"
D,ROOFTOP,ACTUAL,2,"2023/04/02 18:30:00",TAS1,0,0.6,SATELLITE,"2023/04/02 18:50:26"
D,ROOFTOP,ACTUAL,2,"2023/04/02 18:30:00",TASN,0,0.6,SATELLITE,"2023/04/02 18:50:26"
D,ROOFTOP,ACTUAL,2,"2023/04/02 18:30:00",TASS,0,0.6,SATELLITE,"2023/04/02 18:50:26"
D,ROOFTOP,ACTUAL,2,"2023/04/02 18:30:00",VIC1,3.672,0.6,SATELLITE,"2023/04/02 18:50:26"
C,"END OF REPORT",13
