C,NEMP.WORLD,ROOFTOP_PV_ACTUAL_MEASUREMENT,AEMO,PUBLIC,2023/05/05,10:30:03,0000000386456199,DEMAND,0000000386456199
I,ROOFTOP,ACTUAL,2,INTERVAL_DATETIME,REGIONID,POWER,QI,TYPE,LASTCHANGED
D,ROOFTOP,ACTUAL,2,"2023/05/05 10:00:00",NSW1,2402.913,1,MEASUREMENT,"2023/05/05 10:19:58"
D,ROOFTOP,ACTUAL,2,"2023/05/05 10:00:00",QLD1,2266.762,1,MEASUREMENT,"2023/05/05 10:19:58"
D,ROOFTOP,ACTUAL,2,"2023/05/05 10:00:00",QLDC,227.099,1,MEASUREMENT,"2023/05/05 10:19:58"
D,ROOFTOP,ACTUAL,2,"2023/05/05 10:00:00",QLDN,388.525,1,MEASUREMENT,"2023/05/05 10:19:58"
D,ROOFTOP,ACTUAL,2,"2023/05/05 10:00:00",QLDS,1651.138,1,MEASUREMENT,"2023/05/05 10:19:58"
D,ROOFTOP,ACTUAL,2,"2023/05/05 10:00:00",SA1,329.849,1,MEASUREMENT,"2023/05/05 10:19:58"
D,ROOFTOP,ACTUAL,2,"2023/05/05 10:00:00",TAS1,38.021,1,MEASUREMENT,"2023/05/05 10:19:58"
D,ROOFTOP,ACTUAL,2,"2023/05/05 10:00:00",TASN,9.486,1,MEASUREMENT,"2023/05/05 10:19:58"
D,ROOFTOP,ACTUAL,2,"2023/05/05 10:00:00",TASS,28.414,1,MEASUREMENT,"2023/05/05 10:19:58"
D,ROOFTOP,ACTUAL,2,"2023/05/05 10:00:00",VIC1,1223.65,1,MEASUREMENT,"2023/05/05 10:19:58"
C,"END OF REPORT",13
