C,NEMP.WORLD,ROOFTOP_PV_ACTUAL_MEASUREMENT,AEMO,PUBLIC,2023/08/21,18:30:02,0000000395144618,DEMAND,0000000395144618
I,ROOFTOP,ACTUAL,2,INTERVAL_DATETIME,REGIONID,POWER,QI,TYPE,LASTCHANGED
D,ROOFTOP,ACTUAL,2,"2023/08/21 18:00:00",NSW1,0.345,1,MEASUREMENT,"2023/08/21 18:19:08"
D,ROOFTOP,ACTUAL,2,"2023/08/21 18:00:00",QLD1,9.476,1,MEASUREMENT,"2023/08/21 18:19:08"
D,ROOFTOP,ACTUAL,2,"2023/08/21 18:00:00",QLDC,0,1,MEASUREMENT,"2023/08/21 18:19:08"
D,ROOFTOP,ACTUAL,2,"2023/08/21 18:00:00",QLDN,9.458,0.7,MEASUREMENT,"2023/08/21 18:19:08"
D,ROOFTOP,ACTUAL,2,"2023/08/21 18:00:00",QLDS,0.018,1,MEASUREMENT,"2023/08/21 18:19:08"
D,ROOFTOP,ACTUAL,2,"2023/08/21 18:00:00",SA1,73.152,0.7,MEASUREMENT,"2023/08/21 18:19:08"
D,ROOFTOP,ACTUAL,2,"2023/08/21 18:00:00",TAS1,0,1,MEASUREMENT,"2023/08/21 18:19:08"
D,ROOFTOP,ACTUAL,2,"2023/08/21 18:00:00",TASN,0,1,MEASUREMENT,"2023/08/21 18:19:08"
D,ROOFTOP,ACTUAL,2,"2023/08/21 18:00:00",TASS,0,1,MEASUREMENT,"2023/08/21 18:19:08"
D,ROOFTOP,ACTUAL,2,"2023/08/21 18:00:00",VIC1,3.186,1,MEASUREMENT,"2023/08/21 18:19:09"
C,"END OF REPORT",13
