C,NEMP.WORLD,ROOFTOP_PV_ACTUAL_SATELLITE,AEMO,PUBLIC,2023/07/02,09:30:02,0000000390967994,DEMAND,0000000390967993
I,ROOFTOP,ACTUAL,2,INTERVAL_DATETIME,REGIONID,POWER,QI,TYPE,LASTCHANGED
D,ROOFTOP,ACTUAL,2,"2023/07/02 09:00:00",NSW1,1043.074,0.6,SATELLITE,"2023/07/02 09:20:29"
D,ROOFTOP,ACTUAL,2,"2023/07/02 09:00:00",QLD1,1173.019,0.6,SATELLITE,"2023/07/02 09:20:29"
D,ROOFTOP,ACTUAL,2,"2023/07/02 09:00:00",QLDC,116.773,0.6,SATELLITE,"2023/07/02 09:20:29"
D,ROOFTOP,ACTUAL,2,"2023/07/02 09:00:00",QLDN,174.316,0.6,SATELLITE,"2023/07/02 09:20:29"
D,ROOFTOP,ACTUAL,2,"2023/07/02 09:00:00",QLDS,881.929,0.6,SATELLITE,"2023/07/02 09:20:29"
D,ROOFTOP,ACTUAL,2,"2023/07/02 09:00:00",SA1,124.631,0.6,SATELLITE,"2023/07/02 09:20:29"
D,ROOFTOP,ACTUAL,2,"2023/07/02 09:00:00",TAS1,25.093,0.6,SATELLITE,"2023/07/02 09:20:29"
D,ROOFTOP,ACTUAL,2,"2023/07/02 09:00:00",TASN,14.362,0.6,SATELLITE,"2023/07/02 09:20:29"
D,ROOFTOP,ACTUAL,2,"2023/07/02 09:00:00",TASS,10.731,0.6,SATELLITE,"2023/07/02 09:20:29"
D,ROOFTOP,ACTUAL,2,"2023/07/02 09:00:00",VIC1,362.833,0.6,SATELLITE,"2023/07/02 09:20:29"
C,"END OF REPORT",13
