C,NEMP.WORLD,ROOFTOP_PV_ACTUAL_MEASUREMENT,AEMO,PUBLIC,2023/09/24,06:30:02,0000000397949955,DEMAND,0000000397949955
I,ROOFTOP,ACTUAL,2,INTERVAL_DATETIME,REGIONID,POWER,QI,TYPE,LASTCHANGED
D,ROOFTOP,ACTUAL,2,"2023/09/24 06:00:00",NSW1,5.173,1,MEASUREMENT,"2023/09/24 06:19:18"
D,ROOFTOP,ACTUAL,2,"2023/09/24 06:00:00",QLD1,9.704,1,MEASUREMENT,"2023/09/24 06:19:18"
D,ROOFTOP,ACTUAL,2,"2023/09/24 06:00:00",QLDC,0.604,1,MEASUREMENT,"2023/09/24 06:19:18"
D,ROOFTOP,ACTUAL,2,"2023/09/24 06:00:00",QLDN,0.027,1,MEASUREMENT,"2023/09/24 06:19:18"
D,ROOFTOP,ACTUAL,2,"2023/09/24 06:00:00",QLDS,9.073,1,MEASUREMENT,"2023/09/24 06:19:18"
D,ROOFTOP,ACTUAL,2,"2023/09/24 06:00:00",SA1,0,1,MEASUREMENT,"2023/09/24 06:19:18"
D,ROOFTOP,ACTUAL,2,"2023/09/24 06:00:00",TAS1,0,1,MEASUREMENT,"2023/09/24 06:19:18"
D,ROOFTOP,ACTUAL,2,"2023/09/24 06:00:00",TASN,0,1,MEASUREMENT,"2023/09/24 06:19:18"
D,ROOFTOP,ACTUAL,2,"2023/09/24 06:00:00",TASS,0,1,MEASUREMENT,"2023/09/24 06:19:18"
D,ROOFTOP,ACTUAL,2,"2023/09/24 06:00:00",VIC1,0,1,MEASUREMENT,"2023/09/24 06:19:18"
C,"END OF REPORT",13
