C,NEMP.WORLD,ROOFTOP_PV_ACTUAL_MEASUREMENT,AEMO,PUBLIC,2023/12/28,20:30:02,0000000407021446,DEMAND,0000000407021446
I,ROOFTOP,ACTUAL,2,INTERVAL_DATETIME,REGIONID,POWER,QI,TYPE,LASTCHANGED
D,ROOFTOP,ACTUAL,2,"2023/12/28 20:00:00",NSW1,0,1,MEASUREMENT,"2023/12/28 20:19:11"
D,ROOFTOP,ACTUAL,2,"2023/12/28 20:00:00",QLD1,0,1,MEASUREMENT,"2023/12/28 20:19:11"
D,ROOFTOP,ACTUAL,2,"2023/12/28 20:00:00",QLDC,0,1,MEASUREMENT,"2023/12/28 20:19:11"
D,ROOFTOP,ACTUAL,2,"2023/12/28 20:00:00",QLDN,0,1,MEASUREMENT,"2023/12/28 20:19:11"
D,ROOFTOP,ACTUAL,2,"2023/12/28 20:00:00",QLDS,0,1,MEASUREMENT,"2023/12/28 20:19:11"
D,ROOFTOP,ACTUAL,2,"2023/12/28 20:00:00",SA1,8.331,1,MEASUREMENT,"2023/12/28 20:19:11"
D,ROOFTOP,ACTUAL,2,"2023/12/28 20:00:00",TAS1,0.522,1,MEASUREMENT,"2023/12/28 20:19:11"
D,ROOFTOP,ACTUAL,2,"2023/12/28 20:00:00",TASN,0.223,1,MEASUREMENT,"2023/12/28 20:19:11"
D,ROOFTOP,ACTUAL,2,"2023/12/28 20:00:00",TASS,0.299,1,MEASUREMENT,"2023/12/28 20:19:11"
D,ROOFTOP,ACTUAL,2,"2023/12/28 20:00:00",VIC1,2.667,1,MEASUREMENT,"2023/12/28 20:19:11"
C,"END OF REPORT",13
