C,NEMP.WORLD,ROOFTOP_PV_ACTUAL_SATELLITE,AEMO,PUBLIC,2024/02/08,20:30:02,0000000410586907,DEMAND,0000000410586906
I,ROOFTOP,ACTUAL,2,INTERVAL_DATETIME,REGIONID,POWER,QI,TYPE,LASTCHANGED
D,ROOFTOP,ACTUAL,2,"2024/02/08 20:00:00",NSW1,0,0.6,SATELLITE,"2024/02/08 20:20:22"
D,ROOFTOP,ACTUAL,2,"2024/02/08 20:00:00",QLD1,0,0.6,SATELLITE,"2024/02/08 20:20:22"
D,ROOFTOP,ACTUAL,2,"2024/02/08 20:00:00",QLDC,0,0.6,SATELLITE,"2024/02/08 20:20:22"
D,ROOFTOP,ACTUAL,2,"2024/02/08 20:00:00",QLDN,0,0.6,SATELLITE,"2024/02/08 20:20:22"
D,ROOFTOP,ACTUAL,2,"2024/02/08 20:00:00",QLDS,0,0.6,SATELLITE,"2024/02/08 20:20:22"
D,ROOFTOP,ACTUAL,2,"2024/02/08 20:00:00",SA1,5.86,0.6,SATELLITE,"2024/02/08 20:20:22"
D,ROOFTOP,ACTUAL,2,"2024/02/08 20:00:00",TAS1,0,0.6,SATELLITE,"2024/02/08 20:20:22"
D,ROOFTOP,ACTUAL,2,"2024/02/08 20:00:00",TASN,0,0.6,SATELLITE,"2024/02/08 20:20:22"
D,ROOFTOP,ACTUAL,2,"2024/02/08 20:00:00",TASS,0,0.6,SATELLITE,"2024/02/08 20:20:22"
D,ROOFTOP,ACTUAL,2,"2024/02/08 20:00:00",VIC1,0,0.6,SATELLITE,"2024/02/08 20:20:22"
C,"END OF REPORT",13
