C,NEMP.WORLD,ROOFTOP_PV_ACTUAL_MEASUREMENT,AEMO,PUBLIC,2024/02/08,06:30:01,0000000410533026,DEMAND,0000000410533026
I,ROOFTOP,ACTUAL,2,INTERVAL_DATETIME,REGIONID,POWER,QI,TYPE,LASTCHANGED
D,ROOFTOP,ACTUAL,2,"2024/02/08 06:00:00",NSW1,51.873,1,MEASUREMENT,"2024/02/08 06:19:13"
D,ROOFTOP,ACTUAL,2,"2024/02/08 06:00:00",QLD1,54.245,1,MEASUREMENT,"2024/02/08 06:19:13"
D,ROOFTOP,ACTUAL,2,"2024/02/08 06:00:00",QLDC,1.772,1,MEASUREMENT,"2024/02/08 06:19:13"
D,ROOFTOP,ACTUAL,2,"2024/02/08 06:00:00",QLDN,0.128,1,MEASUREMENT,"2024/02/08 06:19:13"
D,ROOFTOP,ACTUAL,2,"2024/02/08 06:00:00",QLDS,52.344,1,MEASUREMENT,"2024/02/08 06:19:13"
D,ROOFTOP,ACTUAL,2,"2024/02/08 06:00:00",SA1,0,1,MEASUREMENT,"2024/02/08 06:19:13"
D,ROOFTOP,ACTUAL,2,"2024/02/08 06:00:00",TAS1,1.405,1,MEASUREMENT,"2024/02/08 06:19:13"
D,ROOFTOP,ACTUAL,2,"2024/02/08 06:00:00",TASN,0.979,0.7,MEASUREMENT,"2024/02/08 06:19:13"
D,ROOFTOP,ACTUAL,2,"2024/02/08 06:00:00",TASS,0.43,1,MEASUREMENT,"2024/02/08 06:19:14"
D,ROOFTOP,ACTUAL,2,"2024/02/08 06:00:00",VIC1,10.45,1,MEASUREMENT,"2024/02/08 06:19:14"
C,"END OF REPORT",13
