C,NEMP.WORLD,ROOFTOP_PV_ACTUAL_MEASUREMENT,AEMO,PUBLIC,2023/05/04,07:30:03,0000000386371753,DEMAND,0000000386371753
I,ROOFTOP,ACTUAL,2,INTERVAL_DATETIME,REGIONID,POWER,QI,TYPE,LASTCHANGED
D,ROOFTOP,ACTUAL,2,"2023/05/04 07:00:00",NSW1,53.354,1,MEASUREMENT,"2023/05/04 07:19:24"
D,ROOFTOP,ACTUAL,2,"2023/05/04 07:00:00",QLD1,159.431,1,MEASUREMENT,"2023/05/04 07:19:24"
D,ROOFTOP,ACTUAL,2,"2023/05/04 07:00:00",QLDC,13.926,1,MEASUREMENT,"2023/05/04 07:19:24"
D,ROOFTOP,ACTUAL,2,"2023/05/04 07:00:00",QLDN,10.625,1,MEASUREMENT,"2023/05/04 07:19:24"
D,ROOFTOP,ACTUAL,2,"2023/05/04 07:00:00",QLDS,134.879,1,MEASUREMENT,"2023/05/04 07:19:24"
D,ROOFTOP,ACTUAL,2,"2023/05/04 07:00:00",SA1,0,1,MEASUREMENT,"2023/05/04 07:19:24"
D,ROOFTOP,ACTUAL,2,"2023/05/04 07:00:00",TAS1,0,1,MEASUREMENT,"2023/05/04 07:19:24"
D,ROOFTOP,ACTUAL,2,"2023/05/04 07:00:00",TASN,0,1,MEASUREMENT,"2023/05/04 07:19:24"
D,ROOFTOP,ACTUAL,2,"2023/05/04 07:00:00",TASS,0,1,MEASUREMENT,"2023/05/04 07:19:24"
D,ROOFTOP,ACTUAL,2,"2023/05/04 07:00:00",VIC1,0,1,MEASUREMENT,"2023/05/04 07:19:24"
C,"END OF REPORT",13
