C,NEMP.WORLD,ROOFTOP_PV_ACTUAL_MEASUREMENT,AEMO,PUBLIC,2023/11/27,19:30:02,0000000403674304,DEMAND,0000000403674304
I,ROOFTOP,ACTUAL,2,INTERVAL_DATETIME,REGIONID,POWER,QI,TYPE,LASTCHANGED
D,ROOFTOP,ACTUAL,2,"2023/11/27 19:00:00",NSW1,12.156,1,MEASUREMENT,"2023/11/27 19:19:11"
D,ROOFTOP,ACTUAL,2,"2023/11/27 19:00:00",QLD1,0,1,MEASUREMENT,"2023/11/27 19:19:11"
D,ROOFTOP,ACTUAL,2,"2023/11/27 19:00:00",QLDC,0,1,MEASUREMENT,"2023/11/27 19:19:11"
D,ROOFTOP,ACTUAL,2,"2023/11/27 19:00:00",QLDN,0,1,MEASUREMENT,"2023/11/27 19:19:11"
D,ROOFTOP,ACTUAL,2,"2023/11/27 19:00:00",QLDS,0,1,MEASUREMENT,"2023/11/27 19:19:11"
D,ROOFTOP,ACTUAL,2,"2023/11/27 19:00:00",SA1,56.759,1,MEASUREMENT,"2023/11/27 19:19:11"
D,ROOFTOP,ACTUAL,2,"2023/11/27 19:00:00",TAS1,2.357,1,MEASUREMENT,"2023/11/27 19:19:11"
D,ROOFTOP,ACTUAL,2,"2023/11/27 19:00:00",TASN,0.911,1,MEASUREMENT,"2023/11/27 19:19:11"
D,ROOFTOP,ACTUAL,2,"2023/11/27 19:00:00",TASS,1.442,1,MEASUREMENT,"2023/11/27 19:19:11"
D,ROOFTOP,ACTUAL,2,"2023/11/27 19:00:00",VIC1,83.577,1,MEASUREMENT,"2023/11/27 19:19:11"
C,"END OF REPORT",13
