C,NEMP.WORLD,ROOFTOP_PV_ACTUAL_SATELLITE,AEMO,PUBLIC,2023/06/19,07:30:01,0000000389934805,DEMAND,0000000389934804
I,ROOFTOP,ACTUAL,2,INTERVAL_DATETIME,REGIONID,POWER,QI,TYPE,LASTCHANGED
D,ROOFTOP,ACTUAL,2,"2023/06/19 07:00:00",NSW1,16.447,0.6,SATELLITE,"2023/06/19 07:20:23"
D,ROOFTOP,ACTUAL,2,"2023/06/19 07:00:00",QLD1,93.913,0.6,SATELLITE,"2023/06/19 07:20:23"
D,ROOFTOP,ACTUAL,2,"2023/06/19 07:00:00",QLDC,10.158,0.6,SATELLITE,"2023/06/19 07:20:23"
D,ROOFTOP,ACTUAL,2,"2023/06/19 07:00:00",QLDN,5.727,0.6,SATELLITE,"2023/06/19 07:20:23"
D,ROOFTOP,ACTUAL,2,"2023/06/19 07:00:00",QLDS,78.028,0.6,SATELLITE,"2023/06/19 07:20:23"
D,ROOFTOP,ACTUAL,2,"2023/06/19 07:00:00",SA1,0,0.6,SATELLITE,"2023/06/19 07:20:23"
D,ROOFTOP,ACTUAL,2,"2023/06/19 07:00:00",TAS1,0,0.6,SATELLITE,"2023/06/19 07:20:23"
D,ROOFTOP,ACTUAL,2,"2023/06/19 07:00:00",TASN,0,0.6,SATELLITE,"2023/06/19 07:20:23"
D,ROOFTOP,ACTUAL,2,"2023/06/19 07:00:00",TASS,0,0.6,SATELLITE,"2023/06/19 07:20:23"
D,ROOFTOP,ACTUAL,2,"2023/06/19 07:00:00",VIC1,0,0.6,SATELLITE,"2023/06/19 07:20:23"
C,"END OF REPORT",13
