C,NEMP.WORLD,ROOFTOP_PV_ACTUAL_MEASUREMENT,AEMO,PUBLIC,2023/06/12,07:30:01,0000000389382569,DEMAND,0000000389382569
I,ROOFTOP,ACTUAL,2,INTERVAL_DATETIME,REGIONID,POWER,QI,TYPE,LASTCHANGED
D,ROOFTOP,ACTUAL,2,"2023/06/12 07:00:00",NSW1,1.627,1,MEASUREMENT,"2023/06/12 07:19:14"
D,ROOFTOP,ACTUAL,2,"2023/06/12 07:00:00",QLD1,7.983,0.7,MEASUREMENT,"2023/06/12 07:19:14"
D,ROOFTOP,ACTUAL,2,"2023/06/12 07:00:00",QLDC,1.257,0.7,MEASUREMENT,"2023/06/12 07:19:14"
D,ROOFTOP,ACTUAL,2,"2023/06/12 07:00:00",QLDN,0.692,1,MEASUREMENT,"2023/06/12 07:19:14"
D,ROOFTOP,ACTUAL,2,"2023/06/12 07:00:00",QLDS,6.034,0.7,MEASUREMENT,"2023/06/12 07:19:14"
D,ROOFTOP,ACTUAL,2,"2023/06/12 07:00:00",SA1,0,1,MEASUREMENT,"2023/06/12 07:19:14"
D,ROOFTOP,ACTUAL,2,"2023/06/12 07:00:00",TAS1,0,1,MEASUREMENT,"2023/06/12 07:19:14"
D,ROOFTOP,ACTUAL,2,"2023/06/12 07:00:00",TASN,0,1,MEASUREMENT,"2023/06/12 07:19:14"
D,ROOFTOP,ACTUAL,2,"2023/06/12 07:00:00",TASS,0,1,MEASUREMENT,"2023/06/12 07:19:14"
D,ROOFTOP,ACTUAL,2,"2023/06/12 07:00:00",VIC1,0,1,MEASUREMENT,"2023/06/12 07:19:14"
C,"END OF REPORT",13
