C,NEMP.WORLD,ROOFTOP_PV_ACTUAL_SATELLITE,AEMO,PUBLIC,2024/03/10,13:30:02,0000000413312483,DEMAND,0000000413312482
I,ROOFTOP,ACTUAL,2,INTERVAL_DATETIME,REGIONID,POWER,QI,TYPE,LASTCHANGED
D,ROOFTOP,ACTUAL,2,"2024/03/10 13:00:00",NSW1,4061.428,0.6,SATELLITE,"2024/03/10 13:20:25"
D,ROOFTOP,ACTUAL,2,"2024/03/10 13:00:00",QLD1,2352.164,0.6,SATELLITE,"2024/03/10 13:20:25"
D,ROOFTOP,ACTUAL,2,"2024/03/10 13:00:00",QLDC,169.912,0.6,SATELLITE,"2024/03/10 13:20:25"
D,ROOFTOP,ACTUAL,2,"2024/03/10 13:00:00",QLDN,352.175,0.6,SATELLITE,"2024/03/10 13:20:25"
D,ROOFTOP,ACTUAL,2,"2024/03/10 13:00:00",QLDS,1830.077,0.6,SATELLITE,"2024/03/10 13:20:25"
D,ROOFTOP,ACTUAL,2,"2024/03/10 13:00:00",SA1,1651.193,0.6,SATELLITE,"2024/03/10 13:20:25"
D,ROOFTOP,ACTUAL,2,"2024/03/10 13:00:00",TAS1,48.395,0.6,SATELLITE,"2024/03/10 13:20:25"
D,ROOFTOP,ACTUAL,2,"2024/03/10 13:00:00",TASN,38.977,0.6,SATELLITE,"2024/03/10 13:20:25"
D,ROOFTOP,ACTUAL,2,"2024/03/10 13:00:00",TASS,9.418,0.6,SATELLITE,"2024/03/10 13:20:25"
D,ROOFTOP,ACTUAL,2,"2024/03/10 13:00:00",VIC1,2798.337,0.6,SATELLITE,"2024/03/10 13:20:25"
C,"END OF REPORT",13
