C,NEMP.WORLD,ROOFTOP_PV_ACTUAL_MEASUREMENT,AEMO,PUBLIC,2023/11/26,08:30:02,0000000403514106,DEMAND,0000000403514106
I,ROOFTOP,ACTUAL,2,INTERVAL_DATETIME,REGIONID,POWER,QI,TYPE,LASTCHANGED
D,ROOFTOP,ACTUAL,2,"2023/11/26 08:00:00",NSW1,2246.355,1,MEASUREMENT,"2023/11/26 08:19:17"
D,ROOFTOP,ACTUAL,2,"2023/11/26 08:00:00",QLD1,1900.846,1,MEASUREMENT,"2023/11/26 08:19:17"
D,ROOFTOP,ACTUAL,2,"2023/11/26 08:00:00",QLDC,155.454,1,MEASUREMENT,"2023/11/26 08:19:17"
D,ROOFTOP,ACTUAL,2,"2023/11/26 08:00:00",QLDN,168.761,1,MEASUREMENT,"2023/11/26 08:19:17"
D,ROOFTOP,ACTUAL,2,"2023/11/26 08:00:00",QLDS,1576.631,1,MEASUREMENT,"2023/11/26 08:19:17"
D,ROOFTOP,ACTUAL,2,"2023/11/26 08:00:00",SA1,364.422,1,MEASUREMENT,"2023/11/26 08:19:17"
D,ROOFTOP,ACTUAL,2,"2023/11/26 08:00:00",TAS1,47.624,1,MEASUREMENT,"2023/11/26 08:19:17"
D,ROOFTOP,ACTUAL,2,"2023/11/26 08:00:00",TASN,26.674,1,MEASUREMENT,"2023/11/26 08:19:17"
D,ROOFTOP,ACTUAL,2,"2023/11/26 08:00:00",TASS,20.97,1,MEASUREMENT,"2023/11/26 08:19:17"
D,ROOFTOP,ACTUAL,2,"2023/11/26 08:00:00",VIC1,544.319,1,MEASUREMENT,"2023/11/26 08:19:17"
C,"END OF REPORT",13
