C,NEMP.WORLD,ROOFTOP_PV_ACTUAL_MEASUREMENT,AEMO,PUBLIC,2024/01/04,20:30:02,0000000407595628,DEMAND,0000000407595628
I,ROOFTOP,ACTUAL,2,INTERVAL_DATETIME,REGIONID,POWER,QI,TYPE,LASTCHANGED
D,ROOFTOP,ACTUAL,2,"2024/01/04 20:00:00",NSW1,0,1,MEASUREMENT,"2024/01/04 20:19:12"
D,ROOFTOP,ACTUAL,2,"2024/01/04 20:00:00",QLD1,0,1,MEASUREMENT,"2024/01/04 20:19:13"
D,ROOFTOP,ACTUAL,2,"2024/01/04 20:00:00",QLDC,0,1,MEASUREMENT,"2024/01/04 20:19:13"
D,ROOFTOP,ACTUAL,2,"2024/01/04 20:00:00",QLDN,0,1,MEASUREMENT,"2024/01/04 20:19:13"
D,ROOFTOP,ACTUAL,2,"2024/01/04 20:00:00",QLDS,0,1,MEASUREMENT,"2024/01/04 20:19:13"
D,ROOFTOP,ACTUAL,2,"2024/01/04 20:00:00",SA1,34.899,1,MEASUREMENT,"2024/01/04 20:19:13"
D,ROOFTOP,ACTUAL,2,"2024/01/04 20:00:00",TAS1,0.538,1,MEASUREMENT,"2024/01/04 20:19:13"
D,ROOFTOP,ACTUAL,2,"2024/01/04 20:00:00",TASN,0.022,1,MEASUREMENT,"2024/01/04 20:19:13"
D,ROOFTOP,ACTUAL,2,"2024/01/04 20:00:00",TASS,0.513,1,MEASUREMENT,"2024/01/04 20:19:13"
D,ROOFTOP,ACTUAL,2,"2024/01/04 20:00:00",VIC1,3.418,1,MEASUREMENT,"2024/01/04 20:19:13"
C,"END OF REPORT",13
