C,NEMP.WORLD,ROOFTOP_PV_ACTUAL_SATELLITE,AEMO,PUBLIC,2023/11/02,19:30:02,0000000401322469,DEMAND,0000000401322468
I,ROOFTOP,ACTUAL,2,INTERVAL_DATETIME,REGIONID,POWER,QI,TYPE,LASTCHANGED
D,ROOFTOP,ACTUAL,2,"2023/11/02 19:00:00",NSW1,0.114,0.6,SATELLITE,"2023/11/02 19:20:21"
D,ROOFTOP,ACTUAL,2,"2023/11/02 19:00:00",QLD1,0,0.6,SATELLITE,"2023/11/02 19:20:21"
D,ROOFTOP,ACTUAL,2,"2023/11/02 19:00:00",QLDC,0,0.6,SATELLITE,"2023/11/02 19:20:21"
D,ROOFTOP,ACTUAL,2,"2023/11/02 19:00:00",QLDN,0,0.6,SATELLITE,"2023/11/02 19:20:21"
D,ROOFTOP,ACTUAL,2,"2023/11/02 19:00:00",QLDS,0,0.6,SATELLITE,"2023/11/02 19:20:21"
D,ROOFTOP,ACTUAL,2,"2023/11/02 19:00:00",SA1,49.754,0.6,SATELLITE,"2023/11/02 19:20:21"
D,ROOFTOP,ACTUAL,2,"2023/11/02 19:00:00",TAS1,1.281,0.6,SATELLITE,"2023/11/02 19:20:21"
D,ROOFTOP,ACTUAL,2,"2023/11/02 19:00:00",TASN,0.763,0.6,SATELLITE,"2023/11/02 19:20:21"
D,ROOFTOP,ACTUAL,2,"2023/11/02 19:00:00",TASS,0.518,0.6,SATELLITE,"2023/11/02 19:20:21"
D,ROOFTOP,ACTUAL,2,"2023/11/02 19:00:00",VIC1,13.221,0.6,SATELLITE,"2023/11/02 19:20:21"
C,"END OF REPORT",13
