C,NEMP.WORLD,ROOFTOP_PV_ACTUAL_MEASUREMENT,AEMO,PUBLIC,2023/04/28,07:30:03,0000000385922708,DEMAND,0000000385922708
I,ROOFTOP,ACTUAL,2,INTERVAL_DATETIME,REGIONID,POWER,QI,TYPE,LASTCHANGED
D,ROOFTOP,ACTUAL,2,"2023/04/28 07:00:00",NSW1,67.704,1,MEASUREMENT,"2023/04/28 07:19:24"
D,ROOFTOP,ACTUAL,2,"2023/04/28 07:00:00",QLD1,166.206,1,MEASUREMENT,"2023/04/28 07:19:24"
D,ROOFTOP,ACTUAL,2,"2023/04/28 07:00:00",QLDC,14.316,1,MEASUREMENT,"2023/04/28 07:19:24"
D,ROOFTOP,ACTUAL,2,"2023/04/28 07:00:00",QLDN,13.034,1,MEASUREMENT,"2023/04/28 07:19:25"
D,ROOFTOP,ACTUAL,2,"2023/04/28 07:00:00",QLDS,138.855,1,MEASUREMENT,"2023/04/28 07:19:25"
D,ROOFTOP,ACTUAL,2,"2023/04/28 07:00:00",SA1,0,1,MEASUREMENT,"2023/04/28 07:19:25"
D,ROOFTOP,ACTUAL,2,"2023/04/28 07:00:00",TAS1,0.001,1,MEASUREMENT,"2023/04/28 07:19:25"
D,ROOFTOP,ACTUAL,2,"2023/04/28 07:00:00",TASN,0.001,1,MEASUREMENT,"2023/04/28 07:19:25"
D,ROOFTOP,ACTUAL,2,"2023/04/28 07:00:00",TASS,0,1,MEASUREMENT,"2023/04/28 07:19:25"
D,ROOFTOP,ACTUAL,2,"2023/04/28 07:00:00",VIC1,0.228,1,MEASUREMENT,"2023/04/28 07:19:25"
C,"END OF REPORT",13
