C,NEMP.WORLD,ROOFTOP_PV_ACTUAL_MEASUREMENT,AEMO,PUBLIC,2023/05/10,12:30:03,0000000386845262,DEMAND,0000000386845262
I,ROOFTOP,ACTUAL,2,INTERVAL_DATETIME,REGIONID,POWER,QI,TYPE,LASTCHANGED
D,ROOFTOP,ACTUAL,2,"2023/05/10 12:00:00",NSW1,3049.19,1,MEASUREMENT,"2023/05/10 12:19:16"
D,ROOFTOP,ACTUAL,2,"2023/05/10 12:00:00",QLD1,3032.51,1,MEASUREMENT,"2023/05/10 12:19:16"
D,ROOFTOP,ACTUAL,2,"2023/05/10 12:00:00",QLDC,248.618,1,MEASUREMENT,"2023/05/10 12:19:16"
D,ROOFTOP,ACTUAL,2,"2023/05/10 12:00:00",QLDN,499.821,1,MEASUREMENT,"2023/05/10 12:19:16"
D,ROOFTOP,ACTUAL,2,"2023/05/10 12:00:00",QLDS,2284.071,1,MEASUREMENT,"2023/05/10 12:19:16"
D,ROOFTOP,ACTUAL,2,"2023/05/10 12:00:00",SA1,944.611,1,MEASUREMENT,"2023/05/10 12:19:16"
D,ROOFTOP,ACTUAL,2,"2023/05/10 12:00:00",TAS1,101.377,1,MEASUREMENT,"2023/05/10 12:19:16"
D,ROOFTOP,ACTUAL,2,"2023/05/10 12:00:00",TASN,64.014,1,MEASUREMENT,"2023/05/10 12:19:16"
D,ROOFTOP,ACTUAL,2,"2023/05/10 12:00:00",TASS,37.487,1,MEASUREMENT,"2023/05/10 12:19:16"
D,ROOFTOP,ACTUAL,2,"2023/05/10 12:00:00",VIC1,996.785,1,MEASUREMENT,"2023/05/10 12:19:16"
C,"END OF REPORT",13
