C,NEMP.WORLD,ROOFTOP_PV_ACTUAL_MEASUREMENT,AEMO,PUBLIC,2023/07/19,13:30:02,0000000392420683,DEMAND,0000000392420683
I,ROOFTOP,ACTUAL,2,INTERVAL_DATETIME,REGIONID,POWER,QI,TYPE,LASTCHANGED
D,ROOFTOP,ACTUAL,2,"2023/07/19 13:00:00",NSW1,2895.684,1,MEASUREMENT,"2023/07/19 13:19:11"
D,ROOFTOP,ACTUAL,2,"2023/07/19 13:00:00",QLD1,2857.806,1,MEASUREMENT,"2023/07/19 13:19:11"
D,ROOFTOP,ACTUAL,2,"2023/07/19 13:00:00",QLDC,245.563,1,MEASUREMENT,"2023/07/19 13:19:11"
D,ROOFTOP,ACTUAL,2,"2023/07/19 13:00:00",QLDN,503.821,1,MEASUREMENT,"2023/07/19 13:19:11"
D,ROOFTOP,ACTUAL,2,"2023/07/19 13:00:00",QLDS,2108.423,1,MEASUREMENT,"2023/07/19 13:19:11"
D,ROOFTOP,ACTUAL,2,"2023/07/19 13:00:00",SA1,1030.498,1,MEASUREMENT,"2023/07/19 13:19:11"
D,ROOFTOP,ACTUAL,2,"2023/07/19 13:00:00",TAS1,89.503,1,MEASUREMENT,"2023/07/19 13:19:11"
D,ROOFTOP,ACTUAL,2,"2023/07/19 13:00:00",TASN,58.839,1,MEASUREMENT,"2023/07/19 13:19:11"
D,ROOFTOP,ACTUAL,2,"2023/07/19 13:00:00",TASS,30.796,1,MEASUREMENT,"2023/07/19 13:19:11"
D,ROOFTOP,ACTUAL,2,"2023/07/19 13:00:00",VIC1,1467.669,1,MEASUREMENT,"2023/07/19 13:19:11"
C,"END OF REPORT",13
