C,NEMP.WORLD,ROOFTOP_PV_ACTUAL_MEASUREMENT,AEMO,PUBLIC,2024/01/03,05:30:02,0000000407458651,DEMAND,0000000407458651
I,ROOFTOP,ACTUAL,2,INTERVAL_DATETIME,REGIONID,POWER,QI,TYPE,LASTCHANGED
D,ROOFTOP,ACTUAL,2,"2024/01/03 05:00:00",NSW1,2.009,1,MEASUREMENT,"2024/01/03 05:19:15"
D,ROOFTOP,ACTUAL,2,"2024/01/03 05:00:00",QLD1,0.075,1,MEASUREMENT,"2024/01/03 05:19:15"
D,ROOFTOP,ACTUAL,2,"2024/01/03 05:00:00",QLDC,0,1,MEASUREMENT,"2024/01/03 05:19:16"
D,ROOFTOP,ACTUAL,2,"2024/01/03 05:00:00",QLDN,0,1,MEASUREMENT,"2024/01/03 05:19:16"
D,ROOFTOP,ACTUAL,2,"2024/01/03 05:00:00",QLDS,0.075,1,MEASUREMENT,"2024/01/03 05:19:16"
D,ROOFTOP,ACTUAL,2,"2024/01/03 05:00:00",SA1,0,1,MEASUREMENT,"2024/01/03 05:19:16"
D,ROOFTOP,ACTUAL,2,"2024/01/03 05:00:00",TAS1,0.245,1,MEASUREMENT,"2024/01/03 05:19:16"
D,ROOFTOP,ACTUAL,2,"2024/01/03 05:00:00",TASN,0.062,1,MEASUREMENT,"2024/01/03 05:19:16"
D,ROOFTOP,ACTUAL,2,"2024/01/03 05:00:00",TASS,0.182,1,MEASUREMENT,"2024/01/03 05:19:16"
D,ROOFTOP,ACTUAL,2,"2024/01/03 05:00:00",VIC1,0,1,MEASUREMENT,"2024/01/03 05:19:16"
C,"END OF REPORT",13
