C,NEMP.WORLD,ROOFTOP_PV_ACTUAL_MEASUREMENT,AEMO,PUBLIC,2023/09/18,06:30:02,0000000397463229,DEMAND,0000000397463229
I,ROOFTOP,ACTUAL,2,INTERVAL_DATETIME,REGIONID,POWER,QI,TYPE,LASTCHANGED
D,ROOFTOP,ACTUAL,2,"2023/09/18 06:00:00",NSW1,2.935,1,MEASUREMENT,"2023/09/18 06:19:18"
D,ROOFTOP,ACTUAL,2,"2023/09/18 06:00:00",QLD1,8.477,1,MEASUREMENT,"2023/09/18 06:19:18"
D,ROOFTOP,ACTUAL,2,"2023/09/18 06:00:00",QLDC,0.421,1,MEASUREMENT,"2023/09/18 06:19:18"
D,ROOFTOP,ACTUAL,2,"2023/09/18 06:00:00",QLDN,0,1,MEASUREMENT,"2023/09/18 06:19:18"
D,ROOFTOP,ACTUAL,2,"2023/09/18 06:00:00",QLDS,8.056,1,MEASUREMENT,"2023/09/18 06:19:18"
D,ROOFTOP,ACTUAL,2,"2023/09/18 06:00:00",SA1,0,1,MEASUREMENT,"2023/09/18 06:19:18"
D,ROOFTOP,ACTUAL,2,"2023/09/18 06:00:00",TAS1,0,1,MEASUREMENT,"2023/09/18 06:19:18"
D,ROOFTOP,ACTUAL,2,"2023/09/18 06:00:00",TASN,0,1,MEASUREMENT,"2023/09/18 06:19:18"
D,ROOFTOP,ACTUAL,2,"2023/09/18 06:00:00",TASS,0,1,MEASUREMENT,"2023/09/18 06:19:18"
D,ROOFTOP,ACTUAL,2,"2023/09/18 06:00:00",VIC1,0,1,MEASUREMENT,"2023/09/18 06:19:18"
C,"END OF REPORT",13
