C,NEMP.WORLD,ROOFTOP_PV_ACTUAL_MEASUREMENT,AEMO,PUBLIC,2023/05/23,07:30:03,0000000387815755,DEMAND,0000000387815755
I,ROOFTOP,ACTUAL,2,INTERVAL_DATETIME,REGIONID,POWER,QI,TYPE,LASTCHANGED
D,ROOFTOP,ACTUAL,2,"2023/05/23 07:00:00",NSW1,14.47,1,MEASUREMENT,"2023/05/23 07:19:19"
D,ROOFTOP,ACTUAL,2,"2023/05/23 07:00:00",QLD1,76.975,1,MEASUREMENT,"2023/05/23 07:19:19"
D,ROOFTOP,ACTUAL,2,"2023/05/23 07:00:00",QLDC,7.524,1,MEASUREMENT,"2023/05/23 07:19:19"
D,ROOFTOP,ACTUAL,2,"2023/05/23 07:00:00",QLDN,4.427,1,MEASUREMENT,"2023/05/23 07:19:19"
D,ROOFTOP,ACTUAL,2,"2023/05/23 07:00:00",QLDS,65.024,1,MEASUREMENT,"2023/05/23 07:19:19"
D,ROOFTOP,ACTUAL,2,"2023/05/23 07:00:00",SA1,0,1,MEASUREMENT,"2023/05/23 07:19:19"
D,ROOFTOP,ACTUAL,2,"2023/05/23 07:00:00",TAS1,0,1,MEASUREMENT,"2023/05/23 07:19:19"
D,ROOFTOP,ACTUAL,2,"2023/05/23 07:00:00",TASN,0,1,MEASUREMENT,"2023/05/23 07:19:19"
D,ROOFTOP,ACTUAL,2,"2023/05/23 07:00:00",TASS,0,1,MEASUREMENT,"2023/05/23 07:19:19"
D,ROOFTOP,ACTUAL,2,"2023/05/23 07:00:00",VIC1,0,1,MEASUREMENT,"2023/05/23 07:19:19"
C,"END OF REPORT",13
