C,NEMP.WORLD,ROOFTOP_PV_ACTUAL_MEASUREMENT,AEMO,PUBLIC,2023/12/04,20:00:02,0000000404432987,DEMAND,0000000404432987
I,ROOFTOP,ACTUAL,2,INTERVAL_DATETIME,REGIONID,POWER,QI,TYPE,LASTCHANGED
D,ROOFTOP,ACTUAL,2,"2023/12/04 19:30:00",NSW1,0.231,1,MEASUREMENT,"2023/12/04 19:49:15"
D,ROOFTOP,ACTUAL,2,"2023/12/04 19:30:00",QLD1,0,1,MEASUREMENT,"2023/12/04 19:49:15"
D,ROOFTOP,ACTUAL,2,"2023/12/04 19:30:00",QLDC,0,1,MEASUREMENT,"2023/12/04 19:49:15"
D,ROOFTOP,ACTUAL,2,"2023/12/04 19:30:00",QLDN,0,1,MEASUREMENT,"2023/12/04 19:49:15"
D,ROOFTOP,ACTUAL,2,"2023/12/04 19:30:00",QLDS,0,1,MEASUREMENT,"2023/12/04 19:49:15"
D,ROOFTOP,ACTUAL,2,"2023/12/04 19:30:00",SA1,40.747,1,MEASUREMENT,"2023/12/04 19:49:16"
D,ROOFTOP,ACTUAL,2,"2023/12/04 19:30:00",TAS1,1.719,1,MEASUREMENT,"2023/12/04 19:49:16"
D,ROOFTOP,ACTUAL,2,"2023/12/04 19:30:00",TASN,0.658,1,MEASUREMENT,"2023/12/04 19:49:16"
D,ROOFTOP,ACTUAL,2,"2023/12/04 19:30:00",TASS,1.058,1,MEASUREMENT,"2023/12/04 19:49:16"
D,ROOFTOP,ACTUAL,2,"2023/12/04 19:30:00",VIC1,19.677,1,MEASUREMENT,"2023/12/04 19:49:16"
C,"END OF REPORT",13
