C,NEMP.WORLD,ROOFTOP_PV_ACTUAL_MEASUREMENT,AEMO,PUBLIC,2023/06/21,18:30:01,0000000390132420,DEMAND,0000000390132420
I,ROOFTOP,ACTUAL,2,INTERVAL_DATETIME,REGIONID,POWER,QI,TYPE,LASTCHANGED
D,ROOFTOP,ACTUAL,2,"2023/06/21 18:00:00",NSW1,0,1,MEASUREMENT,"2023/06/21 18:19:22"
D,ROOFTOP,ACTUAL,2,"2023/06/21 18:00:00",QLD1,1.036,1,MEASUREMENT,"2023/06/21 18:19:22"
D,ROOFTOP,ACTUAL,2,"2023/06/21 18:00:00",QLDC,0,1,MEASUREMENT,"2023/06/21 18:19:22"
D,ROOFTOP,ACTUAL,2,"2023/06/21 18:00:00",QLDN,1.036,1,MEASUREMENT,"2023/06/21 18:19:22"
D,ROOFTOP,ACTUAL,2,"2023/06/21 18:00:00",QLDS,0,1,MEASUREMENT,"2023/06/21 18:19:22"
D,ROOFTOP,ACTUAL,2,"2023/06/21 18:00:00",SA1,1.028,1,MEASUREMENT,"2023/06/21 18:19:22"
D,ROOFTOP,ACTUAL,2,"2023/06/21 18:00:00",TAS1,0,1,MEASUREMENT,"2023/06/21 18:19:22"
D,ROOFTOP,ACTUAL,2,"2023/06/21 18:00:00",TASN,0,1,MEASUREMENT,"2023/06/21 18:19:22"
D,ROOFTOP,ACTUAL,2,"2023/06/21 18:00:00",TASS,0,1,MEASUREMENT,"2023/06/21 18:19:22"
D,ROOFTOP,ACTUAL,2,"2023/06/21 18:00:00",VIC1,0,1,MEASUREMENT,"2023/06/21 18:19:22"
C,"END OF REPORT",13
