C,NEMP.WORLD,ROOFTOP_PV_ACTUAL_SATELLITE,AEMO,PUBLIC,2024/02/08,20:00:02,0000000410585260,DEMAND,0000000410585259
I,ROOFTOP,ACTUAL,2,INTERVAL_DATETIME,REGIONID,POWER,QI,TYPE,LASTCHANGED
D,ROOFTOP,ACTUAL,2,"2024/02/08 19:30:00",NSW1,0.302,0.6,SATELLITE,"2024/02/08 19:50:22"
D,ROOFTOP,ACTUAL,2,"2024/02/08 19:30:00",QLD1,0,0.6,SATELLITE,"2024/02/08 19:50:22"
D,ROOFTOP,ACTUAL,2,"2024/02/08 19:30:00",QLDC,0,0.6,SATELLITE,"2024/02/08 19:50:22"
D,ROOFTOP,ACTUAL,2,"2024/02/08 19:30:00",QLDN,0,0.6,SATELLITE,"2024/02/08 19:50:22"
D,ROOFTOP,ACTUAL,2,"2024/02/08 19:30:00",QLDS,0,0.6,SATELLITE,"2024/02/08 19:50:22"
D,ROOFTOP,ACTUAL,2,"2024/02/08 19:30:00",SA1,72.477,0.6,SATELLITE,"2024/02/08 19:50:22"
D,ROOFTOP,ACTUAL,2,"2024/02/08 19:30:00",TAS1,1.673,0.6,SATELLITE,"2024/02/08 19:50:22"
D,ROOFTOP,ACTUAL,2,"2024/02/08 19:30:00",TASN,1.13,0.6,SATELLITE,"2024/02/08 19:50:22"
D,ROOFTOP,ACTUAL,2,"2024/02/08 19:30:00",TASS,0.543,0.6,SATELLITE,"2024/02/08 19:50:22"
D,ROOFTOP,ACTUAL,2,"2024/02/08 19:30:00",VIC1,27.374,0.6,SATELLITE,"2024/02/08 19:50:22"
C,"END OF REPORT",13
