C,NEMP.WORLD,ROOFTOP_PV_ACTUAL_MEASUREMENT,AEMO,PUBLIC,2023/04/04,07:00:03,0000000384164928,DEMAND,0000000384164928
I,ROOFTOP,ACTUAL,2,INTERVAL_DATETIME,REGIONID,POWER,QI,TYPE,LASTCHANGED
D,ROOFTOP,ACTUAL,2,"2023/04/04 06:30:00",NSW1,14.826,1,MEASUREMENT,"2023/04/04 06:49:18"
D,ROOFTOP,ACTUAL,2,"2023/04/04 06:30:00",QLD1,47.71,1,MEASUREMENT,"2023/04/04 06:49:18"
D,ROOFTOP,ACTUAL,2,"2023/04/04 06:30:00",QLDC,4.968,1,MEASUREMENT,"2023/04/04 06:49:18"
D,ROOFTOP,ACTUAL,2,"2023/04/04 06:30:00",QLDN,0.266,1,MEASUREMENT,"2023/04/04 06:49:18"
D,ROOFTOP,ACTUAL,2,"2023/04/04 06:30:00",QLDS,42.476,1,MEASUREMENT,"2023/04/04 06:49:18"
D,ROOFTOP,ACTUAL,2,"2023/04/04 06:30:00",SA1,0,1,MEASUREMENT,"2023/04/04 06:49:18"
D,ROOFTOP,ACTUAL,2,"2023/04/04 06:30:00",TAS1,0,1,MEASUREMENT,"2023/04/04 06:49:18"
D,ROOFTOP,ACTUAL,2,"2023/04/04 06:30:00",TASN,0,1,MEASUREMENT,"2023/04/04 06:49:18"
D,ROOFTOP,ACTUAL,2,"2023/04/04 06:30:00",TASS,0,1,MEASUREMENT,"2023/04/04 06:49:18"
D,ROOFTOP,ACTUAL,2,"2023/04/04 06:30:00",VIC1,0,1,MEASUREMENT,"2023/04/04 06:49:19"
C,"END OF REPORT",13
