C,NEMP.WORLD,ROOFTOP_PV_ACTUAL_SATELLITE,AEMO,PUBLIC,2023/07/30,07:00:02,0000000393301934,DEMAND,0000000393301933
I,ROOFTOP,ACTUAL,2,INTERVAL_DATETIME,REGIONID,POWER,QI,TYPE,LASTCHANGED
D,ROOFTOP,ACTUAL,2,"2023/07/30 06:30:00",NSW1,0.181,0.6,SATELLITE,"2023/07/30 06:50:26"
D,ROOFTOP,ACTUAL,2,"2023/07/30 06:30:00",QLD1,9.097,0.6,SATELLITE,"2023/07/30 06:50:26"
D,ROOFTOP,ACTUAL,2,"2023/07/30 06:30:00",QLDC,1.066,0.6,SATELLITE,"2023/07/30 06:50:26"
D,ROOFTOP,ACTUAL,2,"2023/07/30 06:30:00",QLDN,0,0.6,SATELLITE,"2023/07/30 06:50:26"
D,ROOFTOP,ACTUAL,2,"2023/07/30 06:30:00",QLDS,8.031,0.6,SATELLITE,"2023/07/30 06:50:26"
D,ROOFTOP,ACTUAL,2,"2023/07/30 06:30:00",SA1,0,0.6,SATELLITE,"2023/07/30 06:50:26"
D,ROOFTOP,ACTUAL,2,"2023/07/30 06:30:00",TAS1,0,0.6,SATELLITE,"2023/07/30 06:50:26"
D,ROOFTOP,ACTUAL,2,"2023/07/30 06:30:00",TASN,0,0.6,SATELLITE,"2023/07/30 06:50:26"
D,ROOFTOP,ACTUAL,2,"2023/07/30 06:30:00",TASS,0,0.6,SATELLITE,"2023/07/30 06:50:26"
D,ROOFTOP,ACTUAL,2,"2023/07/30 06:30:00",VIC1,0,0.6,SATELLITE,"2023/07/30 06:50:26"
C,"END OF REPORT",13
