C,NEMP.WORLD,ROOFTOP_PV_ACTUAL_MEASUREMENT,AEMO,PUBLIC,2023/05/29,18:00:03,0000000388319955,DEMAND,0000000388319955
I,ROOFTOP,ACTUAL,2,INTERVAL_DATETIME,REGIONID,POWER,QI,TYPE,LASTCHANGED
D,ROOFTOP,ACTUAL,2,"2023/05/29 17:30:00",NSW1,0.138,1,MEASUREMENT,"2023/05/29 17:49:15"
D,ROOFTOP,ACTUAL,2,"2023/05/29 17:30:00",QLD1,20.763,1,MEASUREMENT,"2023/05/29 17:49:15"
D,ROOFTOP,ACTUAL,2,"2023/05/29 17:30:00",QLDC,0.339,1,MEASUREMENT,"2023/05/29 17:49:15"
D,ROOFTOP,ACTUAL,2,"2023/05/29 17:30:00",QLDN,20.354,1,MEASUREMENT,"2023/05/29 17:49:15"
D,ROOFTOP,ACTUAL,2,"2023/05/29 17:30:00",QLDS,0.069,1,MEASUREMENT,"2023/05/29 17:49:15"
D,ROOFTOP,ACTUAL,2,"2023/05/29 17:30:00",SA1,27.186,1,MEASUREMENT,"2023/05/29 17:49:15"
D,ROOFTOP,ACTUAL,2,"2023/05/29 17:30:00",TAS1,0,1,MEASUREMENT,"2023/05/29 17:49:15"
D,ROOFTOP,ACTUAL,2,"2023/05/29 17:30:00",TASN,0,1,MEASUREMENT,"2023/05/29 17:49:15"
D,ROOFTOP,ACTUAL,2,"2023/05/29 17:30:00",TASS,0,1,MEASUREMENT,"2023/05/29 17:49:15"
D,ROOFTOP,ACTUAL,2,"2023/05/29 17:30:00",VIC1,1.832,1,MEASUREMENT,"2023/05/29 17:49:15"
C,"END OF REPORT",13
