C,NEMP.WORLD,ROOFTOP_PV_ACTUAL_MEASUREMENT,AEMO,PUBLIC,2023/07/06,08:00:02,0000000391279060,DEMAND,0000000391279060
I,ROOFTOP,ACTUAL,2,INTERVAL_DATETIME,REGIONID,POWER,QI,TYPE,LASTCHANGED
D,ROOFTOP,ACTUAL,2,"2023/07/06 07:30:00",NSW1,42.727,1,MEASUREMENT,"2023/07/06 07:49:17"
D,ROOFTOP,ACTUAL,2,"2023/07/06 07:30:00",QLD1,168.175,1,MEASUREMENT,"2023/07/06 07:49:17"
D,ROOFTOP,ACTUAL,2,"2023/07/06 07:30:00",QLDC,15.796,1,MEASUREMENT,"2023/07/06 07:49:18"
D,ROOFTOP,ACTUAL,2,"2023/07/06 07:30:00",QLDN,19.495,1,MEASUREMENT,"2023/07/06 07:49:18"
D,ROOFTOP,ACTUAL,2,"2023/07/06 07:30:00",QLDS,132.884,1,MEASUREMENT,"2023/07/06 07:49:18"
D,ROOFTOP,ACTUAL,2,"2023/07/06 07:30:00",SA1,0,1,MEASUREMENT,"2023/07/06 07:49:18"
D,ROOFTOP,ACTUAL,2,"2023/07/06 07:30:00",TAS1,0,1,MEASUREMENT,"2023/07/06 07:49:18"
D,ROOFTOP,ACTUAL,2,"2023/07/06 07:30:00",TASN,0,1,MEASUREMENT,"2023/07/06 07:49:18"
D,ROOFTOP,ACTUAL,2,"2023/07/06 07:30:00",TASS,0,1,MEASUREMENT,"2023/07/06 07:49:18"
D,ROOFTOP,ACTUAL,2,"2023/07/06 07:30:00",VIC1,0,1,MEASUREMENT,"2023/07/06 07:49:18"
C,"END OF REPORT",13
