C,NEMP.WORLD,ROOFTOP_PV_ACTUAL_SATELLITE,AEMO,PUBLIC,2024/02/03,06:00:02,0000000410105341,DEMAND,0000000410105340
I,ROOFTOP,ACTUAL,2,INTERVAL_DATETIME,REGIONID,POWER,QI,TYPE,LASTCHANGED
D,ROOFTOP,ACTUAL,2,"2024/02/03 05:30:00",NSW1,18.637,0.6,SATELLITE,"2024/02/03 05:50:24"
D,ROOFTOP,ACTUAL,2,"2024/02/03 05:30:00",QLD1,25.468,0.6,SATELLITE,"2024/02/03 05:50:24"
D,ROOFTOP,ACTUAL,2,"2024/02/03 05:30:00",QLDC,1.359,0.6,SATELLITE,"2024/02/03 05:50:24"
D,ROOFTOP,ACTUAL,2,"2024/02/03 05:30:00",QLDN,0,0.6,SATELLITE,"2024/02/03 05:50:24"
D,ROOFTOP,ACTUAL,2,"2024/02/03 05:30:00",QLDS,24.109,0.6,SATELLITE,"2024/02/03 05:50:24"
D,ROOFTOP,ACTUAL,2,"2024/02/03 05:30:00",SA1,0,0.6,SATELLITE,"2024/02/03 05:50:25"
D,ROOFTOP,ACTUAL,2,"2024/02/03 05:30:00",TAS1,2.648,0.6,SATELLITE,"2024/02/03 05:50:25"
D,ROOFTOP,ACTUAL,2,"2024/02/03 05:30:00",TASN,1.181,0.6,SATELLITE,"2024/02/03 05:50:25"
D,ROOFTOP,ACTUAL,2,"2024/02/03 05:30:00",TASS,1.467,0.6,SATELLITE,"2024/02/03 05:50:25"
D,ROOFTOP,ACTUAL,2,"2024/02/03 05:30:00",VIC1,3.816,0.6,SATELLITE,"2024/02/03 05:50:25"
C,"END OF REPORT",13
