C,NEMP.WORLD,ROOFTOP_PV_ACTUAL_MEASUREMENT,AEMO,PUBLIC,2023/11/25,10:30:02,0000000403417785,DEMAND,0000000403417785
I,ROOFTOP,ACTUAL,2,INTERVAL_DATETIME,REGIONID,POWER,QI,TYPE,LASTCHANGED
D,ROOFTOP,ACTUAL,2,"2023/11/25 10:00:00",NSW1,1268.105,1,MEASUREMENT,"2023/11/25 10:19:44"
D,ROOFTOP,ACTUAL,2,"2023/11/25 10:00:00",QLD1,1621.561,1,MEASUREMENT,"2023/11/25 10:19:44"
D,ROOFTOP,ACTUAL,2,"2023/11/25 10:00:00",QLDC,161.65,1,MEASUREMENT,"2023/11/25 10:19:44"
D,ROOFTOP,ACTUAL,2,"2023/11/25 10:00:00",QLDN,277.42,1,MEASUREMENT,"2023/11/25 10:19:44"
D,ROOFTOP,ACTUAL,2,"2023/11/25 10:00:00",QLDS,1182.491,1,MEASUREMENT,"2023/11/25 10:19:44"
D,ROOFTOP,ACTUAL,2,"2023/11/25 10:00:00",SA1,759.406,1,MEASUREMENT,"2023/11/25 10:19:44"
D,ROOFTOP,ACTUAL,2,"2023/11/25 10:00:00",TAS1,45.664,1,MEASUREMENT,"2023/11/25 10:19:44"
D,ROOFTOP,ACTUAL,2,"2023/11/25 10:00:00",TASN,38.208,1,MEASUREMENT,"2023/11/25 10:19:44"
D,ROOFTOP,ACTUAL,2,"2023/11/25 10:00:00",TASS,7.621,1,MEASUREMENT,"2023/11/25 10:19:44"
D,ROOFTOP,ACTUAL,2,"2023/11/25 10:00:00",VIC1,1828.277,1,MEASUREMENT,"2023/11/25 10:19:44"
C,"END OF REPORT",13
