C,NEMP.WORLD,ROOFTOP_PV_ACTUAL_SATELLITE,AEMO,PUBLIC,2023/09/09,08:00:02,0000000396714652,DEMAND,0000000396714651
I,ROOFTOP,ACTUAL,2,INTERVAL_DATETIME,REGIONID,POWER,QI,TYPE,LASTCHANGED
D,ROOFTOP,ACTUAL,2,"2023/09/09 07:30:00",NSW1,922.009,0.6,SATELLITE,"2023/09/09 07:50:21"
D,ROOFTOP,ACTUAL,2,"2023/09/09 07:30:00",QLD1,1002.806,0.6,SATELLITE,"2023/09/09 07:50:21"
D,ROOFTOP,ACTUAL,2,"2023/09/09 07:30:00",QLDC,78.024,0.6,SATELLITE,"2023/09/09 07:50:21"
D,ROOFTOP,ACTUAL,2,"2023/09/09 07:30:00",QLDN,110.591,0.6,SATELLITE,"2023/09/09 07:50:21"
D,ROOFTOP,ACTUAL,2,"2023/09/09 07:30:00",QLDS,814.191,0.6,SATELLITE,"2023/09/09 07:50:21"
D,ROOFTOP,ACTUAL,2,"2023/09/09 07:30:00",SA1,70.181,0.6,SATELLITE,"2023/09/09 07:50:21"
D,ROOFTOP,ACTUAL,2,"2023/09/09 07:30:00",TAS1,20.789,0.6,SATELLITE,"2023/09/09 07:50:21"
D,ROOFTOP,ACTUAL,2,"2023/09/09 07:30:00",TASN,13.018,0.6,SATELLITE,"2023/09/09 07:50:21"
D,ROOFTOP,ACTUAL,2,"2023/09/09 07:30:00",TASS,7.77,0.6,SATELLITE,"2023/09/09 07:50:21"
D,ROOFTOP,ACTUAL,2,"2023/09/09 07:30:00",VIC1,283.167,0.6,SATELLITE,"2023/09/09 07:50:21"
C,"END OF REPORT",13
