C,NEMP.WORLD,ROOFTOP_PV_ACTUAL_MEASUREMENT,AEMO,PUBLIC,2023/02/27,06:30:02,0000000381667266,DEMAND,0000000381667266
I,ROOFTOP,ACTUAL,2,INTERVAL_DATETIME,REGIONID,POWER,QI,TYPE,LASTCHANGED
D,ROOFTOP,ACTUAL,2,"2023/02/27 06:00:00",NSW1,13.471,1,MEASUREMENT,"2023/02/27 06:19:17"
D,ROOFTOP,ACTUAL,2,"2023/02/27 06:00:00",QLD1,18.899,1,MEASUREMENT,"2023/02/27 06:19:17"
D,ROOFTOP,ACTUAL,2,"2023/02/27 06:00:00",QLDC,0.465,1,MEASUREMENT,"2023/02/27 06:19:17"
D,ROOFTOP,ACTUAL,2,"2023/02/27 06:00:00",QLDN,0,1,MEASUREMENT,"2023/02/27 06:19:17"
D,ROOFTOP,ACTUAL,2,"2023/02/27 06:00:00",QLDS,18.434,1,MEASUREMENT,"2023/02/27 06:19:17"
D,ROOFTOP,ACTUAL,2,"2023/02/27 06:00:00",SA1,0,1,MEASUREMENT,"2023/02/27 06:19:17"
D,ROOFTOP,ACTUAL,2,"2023/02/27 06:00:00",TAS1,0.174,1,MEASUREMENT,"2023/02/27 06:19:17"
D,ROOFTOP,ACTUAL,2,"2023/02/27 06:00:00",TASN,0.066,1,MEASUREMENT,"2023/02/27 06:19:17"
D,ROOFTOP,ACTUAL,2,"2023/02/27 06:00:00",TASS,0.107,1,MEASUREMENT,"2023/02/27 06:19:17"
D,ROOFTOP,ACTUAL,2,"2023/02/27 06:00:00",VIC1,0,1,MEASUREMENT,"2023/02/27 06:19:17"
C,"END OF REPORT",13
