C,NEMP.WORLD,ROOFTOP_PV_ACTUAL_SATELLITE,AEMO,PUBLIC,2023/06/10,08:00:01,0000000389231942,DEMAND,0000000389231941
I,ROOFTOP,ACTUAL,2,INTERVAL_DATETIME,REGIONID,POWER,QI,TYPE,LASTCHANGED
D,ROOFTOP,ACTUAL,2,"2023/06/10 07:30:00",NSW1,186.035,0.6,SATELLITE,"2023/06/10 07:50:25"
D,ROOFTOP,ACTUAL,2,"2023/06/10 07:30:00",QLD1,399.297,0.6,SATELLITE,"2023/06/10 07:50:25"
D,ROOFTOP,ACTUAL,2,"2023/06/10 07:30:00",QLDC,41.315,0.6,SATELLITE,"2023/06/10 07:50:25"
D,ROOFTOP,ACTUAL,2,"2023/06/10 07:30:00",QLDN,46.423,0.6,SATELLITE,"2023/06/10 07:50:25"
D,ROOFTOP,ACTUAL,2,"2023/06/10 07:30:00",QLDS,311.559,0.6,SATELLITE,"2023/06/10 07:50:25"
D,ROOFTOP,ACTUAL,2,"2023/06/10 07:30:00",SA1,0,0.6,SATELLITE,"2023/06/10 07:50:25"
D,ROOFTOP,ACTUAL,2,"2023/06/10 07:30:00",TAS1,0.104,0.6,SATELLITE,"2023/06/10 07:50:25"
D,ROOFTOP,ACTUAL,2,"2023/06/10 07:30:00",TASN,0.104,0.6,SATELLITE,"2023/06/10 07:50:25"
D,ROOFTOP,ACTUAL,2,"2023/06/10 07:30:00",TASS,0,0.6,SATELLITE,"2023/06/10 07:50:25"
D,ROOFTOP,ACTUAL,2,"2023/06/10 07:30:00",VIC1,7.426,0.6,SATELLITE,"2023/06/10 07:50:25"
C,"END OF REPORT",13
