C,NEMP.WORLD,ROOFTOP_PV_ACTUAL_MEASUREMENT,AEMO,PUBLIC,2023/07/13,18:00:02,0000000391884116,DEMAND,0000000391884116
I,ROOFTOP,ACTUAL,2,INTERVAL_DATETIME,REGIONID,POWER,QI,TYPE,LASTCHANGED
D,ROOFTOP,ACTUAL,2,"2023/07/13 17:30:00",NSW1,1.374,1,MEASUREMENT,"2023/07/13 17:49:13"
D,ROOFTOP,ACTUAL,2,"2023/07/13 17:30:00",QLD1,32.155,1,MEASUREMENT,"2023/07/13 17:49:13"
D,ROOFTOP,ACTUAL,2,"2023/07/13 17:30:00",QLDC,1.568,1,MEASUREMENT,"2023/07/13 17:49:13"
D,ROOFTOP,ACTUAL,2,"2023/07/13 17:30:00",QLDN,29.071,1,MEASUREMENT,"2023/07/13 17:49:13"
D,ROOFTOP,ACTUAL,2,"2023/07/13 17:30:00",QLDS,1.516,1,MEASUREMENT,"2023/07/13 17:49:13"
D,ROOFTOP,ACTUAL,2,"2023/07/13 17:30:00",SA1,81.63,1,MEASUREMENT,"2023/07/13 17:49:13"
D,ROOFTOP,ACTUAL,2,"2023/07/13 17:30:00",TAS1,0,1,MEASUREMENT,"2023/07/13 17:49:13"
D,ROOFTOP,ACTUAL,2,"2023/07/13 17:30:00",TASN,0,1,MEASUREMENT,"2023/07/13 17:49:13"
D,ROOFTOP,ACTUAL,2,"2023/07/13 17:30:00",TASS,0,1,MEASUREMENT,"2023/07/13 17:49:13"
D,ROOFTOP,ACTUAL,2,"2023/07/13 17:30:00",VIC1,9.916,1,MEASUREMENT,"2023/07/13 17:49:13"
C,"END OF REPORT",13
