C,NEMP.WORLD,ROOFTOP_PV_ACTUAL_SATELLITE,AEMO,PUBLIC,2023/08/16,18:30:01,0000000394739907,DEMAND,0000000394739906
I,ROOFTOP,ACTUAL,2,INTERVAL_DATETIME,REGIONID,POWER,QI,TYPE,LASTCHANGED
D,ROOFTOP,ACTUAL,2,"2023/08/16 18:00:00",NSW1,0.296,0.6,SATELLITE,"2023/08/16 18:20:22"
D,ROOFTOP,ACTUAL,2,"2023/08/16 18:00:00",QLD1,12.203,0.6,SATELLITE,"2023/08/16 18:20:22"
D,ROOFTOP,ACTUAL,2,"2023/08/16 18:00:00",QLDC,0,0.6,SATELLITE,"2023/08/16 18:20:22"
D,ROOFTOP,ACTUAL,2,"2023/08/16 18:00:00",QLDN,12.193,0.6,SATELLITE,"2023/08/16 18:20:22"
D,ROOFTOP,ACTUAL,2,"2023/08/16 18:00:00",QLDS,0.01,0.6,SATELLITE,"2023/08/16 18:20:22"
D,ROOFTOP,ACTUAL,2,"2023/08/16 18:00:00",SA1,43.252,0.6,SATELLITE,"2023/08/16 18:20:22"
D,ROOFTOP,ACTUAL,2,"2023/08/16 18:00:00",TAS1,0,0.6,SATELLITE,"2023/08/16 18:20:22"
D,ROOFTOP,ACTUAL,2,"2023/08/16 18:00:00",TASN,0,0.6,SATELLITE,"2023/08/16 18:20:22"
D,ROOFTOP,ACTUAL,2,"2023/08/16 18:00:00",TASS,0,0.6,SATELLITE,"2023/08/16 18:20:22"
D,ROOFTOP,ACTUAL,2,"2023/08/16 18:00:00",VIC1,7.573,0.6,SATELLITE,"2023/08/16 18:20:22"
C,"END OF REPORT",13
