C,NEMP.WORLD,ROOFTOP_PV_ACTUAL_MEASUREMENT,AEMO,PUBLIC,2023/10/10,19:00:02,0000000399305474,DEMAND,0000000399305474
I,ROOFTOP,ACTUAL,2,INTERVAL_DATETIME,REGIONID,POWER,QI,TYPE,LASTCHANGED
D,ROOFTOP,ACTUAL,2,"2023/10/10 18:30:00",NSW1,1.688,1,MEASUREMENT,"2023/10/10 18:49:09"
D,ROOFTOP,ACTUAL,2,"2023/10/10 18:30:00",QLD1,0.535,1,MEASUREMENT,"2023/10/10 18:49:09"
D,ROOFTOP,ACTUAL,2,"2023/10/10 18:30:00",QLDC,0,1,MEASUREMENT,"2023/10/10 18:49:09"
D,ROOFTOP,ACTUAL,2,"2023/10/10 18:30:00",QLDN,0.535,1,MEASUREMENT,"2023/10/10 18:49:09"
D,ROOFTOP,ACTUAL,2,"2023/10/10 18:30:00",QLDS,0,1,MEASUREMENT,"2023/10/10 18:49:09"
D,ROOFTOP,ACTUAL,2,"2023/10/10 18:30:00",SA1,97.889,1,MEASUREMENT,"2023/10/10 18:49:09"
D,ROOFTOP,ACTUAL,2,"2023/10/10 18:30:00",TAS1,1.264,1,MEASUREMENT,"2023/10/10 18:49:09"
D,ROOFTOP,ACTUAL,2,"2023/10/10 18:30:00",TASN,0.551,1,MEASUREMENT,"2023/10/10 18:49:09"
D,ROOFTOP,ACTUAL,2,"2023/10/10 18:30:00",TASS,0.712,1,MEASUREMENT,"2023/10/10 18:49:09"
D,ROOFTOP,ACTUAL,2,"2023/10/10 18:30:00",VIC1,38.977,1,MEASUREMENT,"2023/10/10 18:49:09"
C,"END OF REPORT",13
