C,NEMP.WORLD,ROOFTOP_PV_ACTUAL_MEASUREMENT,AEMO,PUBLIC,2024/01/26,16:00:02,0000000409444044,DEMAND,0000000409444044
I,ROOFTOP,ACTUAL,2,INTERVAL_DATETIME,REGIONID,POWER,QI,TYPE,LASTCHANGED
D,ROOFTOP,ACTUAL,2,"2024/01/26 15:30:00",NSW1,2602.101,1,MEASUREMENT,"2024/01/26 15:49:09"
D,ROOFTOP,ACTUAL,2,"2024/01/26 15:30:00",QLD1,1526.845,1,MEASUREMENT,"2024/01/26 15:49:09"
D,ROOFTOP,ACTUAL,2,"2024/01/26 15:30:00",QLDC,193.381,1,MEASUREMENT,"2024/01/26 15:49:09"
D,ROOFTOP,ACTUAL,2,"2024/01/26 15:30:00",QLDN,356.151,0.7,MEASUREMENT,"2024/01/26 15:49:09"
D,ROOFTOP,ACTUAL,2,"2024/01/26 15:30:00",QLDS,977.313,1,MEASUREMENT,"2024/01/26 15:49:09"
D,ROOFTOP,ACTUAL,2,"2024/01/26 15:30:00",SA1,1333.427,1,MEASUREMENT,"2024/01/26 15:49:09"
D,ROOFTOP,ACTUAL,2,"2024/01/26 15:30:00",TAS1,169.883,1,MEASUREMENT,"2024/01/26 15:49:09"
D,ROOFTOP,ACTUAL,2,"2024/01/26 15:30:00",TASN,90.893,1,MEASUREMENT,"2024/01/26 15:49:09"
D,ROOFTOP,ACTUAL,2,"2024/01/26 15:30:00",TASS,79.019,1,MEASUREMENT,"2024/01/26 15:49:09"
D,ROOFTOP,ACTUAL,2,"2024/01/26 15:30:00",VIC1,2209.499,1,MEASUREMENT,"2024/01/26 15:49:09"
C,"END OF REPORT",13
