C,NEMP.WORLD,ROOFTOP_PV_ACTUAL_SATELLITE,AEMO,PUBLIC,2024/02/22,20:00:03,0000000411815926,DEMAND,0000000411815925
I,ROOFTOP,ACTUAL,2,INTERVAL_DATETIME,REGIONID,POWER,QI,TYPE,LASTCHANGED
D,ROOFTOP,ACTUAL,2,"2024/02/22 19:30:00",NSW1,0,0.6,SATELLITE,"2024/02/22 19:50:23"
D,ROOFTOP,ACTUAL,2,"2024/02/22 19:30:00",QLD1,0,0.6,SATELLITE,"2024/02/22 19:50:23"
D,ROOFTOP,ACTUAL,2,"2024/02/22 19:30:00",QLDC,0,0.6,SATELLITE,"2024/02/22 19:50:23"
D,ROOFTOP,ACTUAL,2,"2024/02/22 19:30:00",QLDN,0,0.6,SATELLITE,"2024/02/22 19:50:23"
D,ROOFTOP,ACTUAL,2,"2024/02/22 19:30:00",QLDS,0,0.6,SATELLITE,"2024/02/22 19:50:23"
D,ROOFTOP,ACTUAL,2,"2024/02/22 19:30:00",SA1,24.334,0.6,SATELLITE,"2024/02/22 19:50:23"
D,ROOFTOP,ACTUAL,2,"2024/02/22 19:30:00",TAS1,0,0.6,SATELLITE,"2024/02/22 19:50:23"
D,ROOFTOP,ACTUAL,2,"2024/02/22 19:30:00",TASN,0,0.6,SATELLITE,"2024/02/22 19:50:23"
D,ROOFTOP,ACTUAL,2,"2024/02/22 19:30:00",TASS,0,0.6,SATELLITE,"2024/02/22 19:50:23"
D,ROOFTOP,ACTUAL,2,"2024/02/22 19:30:00",VIC1,1.17,0.6,SATELLITE,"2024/02/22 19:50:23"
C,"END OF REPORT",13
