C,NEMP.WORLD,ROOFTOP_PV_ACTUAL_SATELLITE,AEMO,PUBLIC,2024/02/08,10:30:01,0000000410547976,DEMAND,0000000410547975
I,ROOFTOP,ACTUAL,2,INTERVAL_DATETIME,REGIONID,POWER,QI,TYPE,LASTCHANGED
D,ROOFTOP,ACTUAL,2,"2024/02/08 10:00:00",NSW1,2467.059,0.6,SATELLITE,"2024/02/08 10:20:22"
D,ROOFTOP,ACTUAL,2,"2024/02/08 10:00:00",QLD1,2553.818,0.6,SATELLITE,"2024/02/08 10:20:22"
D,ROOFTOP,ACTUAL,2,"2024/02/08 10:00:00",QLDC,285.39,0.6,SATELLITE,"2024/02/08 10:20:22"
D,ROOFTOP,ACTUAL,2,"2024/02/08 10:00:00",QLDN,371.698,0.6,SATELLITE,"2024/02/08 10:20:22"
D,ROOFTOP,ACTUAL,2,"2024/02/08 10:00:00",QLDS,1896.73,0.6,SATELLITE,"2024/02/08 10:20:22"
D,ROOFTOP,ACTUAL,2,"2024/02/08 10:00:00",SA1,1299.623,0.6,SATELLITE,"2024/02/08 10:20:22"
D,ROOFTOP,ACTUAL,2,"2024/02/08 10:00:00",TAS1,161.869,0.6,SATELLITE,"2024/02/08 10:20:22"
D,ROOFTOP,ACTUAL,2,"2024/02/08 10:00:00",TASN,83.996,0.6,SATELLITE,"2024/02/08 10:20:22"
D,ROOFTOP,ACTUAL,2,"2024/02/08 10:00:00",TASS,77.873,0.6,SATELLITE,"2024/02/08 10:20:22"
D,ROOFTOP,ACTUAL,2,"2024/02/08 10:00:00",VIC1,2458.335,0.6,SATELLITE,"2024/02/08 10:20:22"
C,"END OF REPORT",13
