C,NEMP.WORLD,ROOFTOP_PV_ACTUAL_MEASUREMENT,AEMO,PUBLIC,2024/02/19,08:30:02,0000000411498902,DEMAND,0000000411498902
I,ROOFTOP,ACTUAL,2,INTERVAL_DATETIME,REGIONID,POWER,QI,TYPE,LASTCHANGED
D,ROOFTOP,ACTUAL,2,"2024/02/19 08:00:00",NSW1,798.758,1,MEASUREMENT,"2024/02/19 08:19:20"
D,ROOFTOP,ACTUAL,2,"2024/02/19 08:00:00",QLD1,1649.735,1,MEASUREMENT,"2024/02/19 08:19:20"
D,ROOFTOP,ACTUAL,2,"2024/02/19 08:00:00",QLDC,173.035,1,MEASUREMENT,"2024/02/19 08:19:20"
D,ROOFTOP,ACTUAL,2,"2024/02/19 08:00:00",QLDN,181.644,1,MEASUREMENT,"2024/02/19 08:19:20"
D,ROOFTOP,ACTUAL,2,"2024/02/19 08:00:00",QLDS,1295.056,1,MEASUREMENT,"2024/02/19 08:19:20"
D,ROOFTOP,ACTUAL,2,"2024/02/19 08:00:00",SA1,315.309,1,MEASUREMENT,"2024/02/19 08:19:20"
D,ROOFTOP,ACTUAL,2,"2024/02/19 08:00:00",TAS1,59.367,1,MEASUREMENT,"2024/02/19 08:19:20"
D,ROOFTOP,ACTUAL,2,"2024/02/19 08:00:00",TASN,41.509,1,MEASUREMENT,"2024/02/19 08:19:21"
D,ROOFTOP,ACTUAL,2,"2024/02/19 08:00:00",TASS,17.996,1,MEASUREMENT,"2024/02/19 08:19:21"
D,ROOFTOP,ACTUAL,2,"2024/02/19 08:00:00",VIC1,513.194,1,MEASUREMENT,"2024/02/19 08:19:21"
C,"END OF REPORT",13
