C,NEMP.WORLD,ROOFTOP_PV_ACTUAL_MEASUREMENT,AEMO,PUBLIC,2023/05/16,07:30:03,0000000387281460,DEMAND,0000000387281460
I,ROOFTOP,ACTUAL,2,INTERVAL_DATETIME,REGIONID,POWER,QI,TYPE,LASTCHANGED
D,ROOFTOP,ACTUAL,2,"2023/05/16 07:00:00",NSW1,5.36,1,MEASUREMENT,"2023/05/16 07:19:20"
D,ROOFTOP,ACTUAL,2,"2023/05/16 07:00:00",QLD1,50.583,1,MEASUREMENT,"2023/05/16 07:19:20"
D,ROOFTOP,ACTUAL,2,"2023/05/16 07:00:00",QLDC,7.995,1,MEASUREMENT,"2023/05/16 07:19:20"
D,ROOFTOP,ACTUAL,2,"2023/05/16 07:00:00",QLDN,5.472,1,MEASUREMENT,"2023/05/16 07:19:20"
D,ROOFTOP,ACTUAL,2,"2023/05/16 07:00:00",QLDS,37.115,1,MEASUREMENT,"2023/05/16 07:19:20"
D,ROOFTOP,ACTUAL,2,"2023/05/16 07:00:00",SA1,0,1,MEASUREMENT,"2023/05/16 07:19:20"
D,ROOFTOP,ACTUAL,2,"2023/05/16 07:00:00",TAS1,0,1,MEASUREMENT,"2023/05/16 07:19:20"
D,ROOFTOP,ACTUAL,2,"2023/05/16 07:00:00",TASN,0,1,MEASUREMENT,"2023/05/16 07:19:20"
D,ROOFTOP,ACTUAL,2,"2023/05/16 07:00:00",TASS,0,1,MEASUREMENT,"2023/05/16 07:19:20"
D,ROOFTOP,ACTUAL,2,"2023/05/16 07:00:00",VIC1,0,1,MEASUREMENT,"2023/05/16 07:19:20"
C,"END OF REPORT",13
