C,NEMP.WORLD,ROOFTOP_PV_ACTUAL_SATELLITE,AEMO,PUBLIC,2023/09/02,10:30:02,0000000396138519,DEMAND,0000000396138518
I,ROOFTOP,ACTUAL,2,INTERVAL_DATETIME,REGIONID,POWER,QI,TYPE,LASTCHANGED
D,ROOFTOP,ACTUAL,2,"2023/09/02 10:00:00",NSW1,2744.395,0.6,SATELLITE,"2023/09/02 10:20:24"
D,ROOFTOP,ACTUAL,2,"2023/09/02 10:00:00",QLD1,2517.525,0.6,SATELLITE,"2023/09/02 10:20:24"
D,ROOFTOP,ACTUAL,2,"2023/09/02 10:00:00",QLDC,218.819,0.6,SATELLITE,"2023/09/02 10:20:24"
D,ROOFTOP,ACTUAL,2,"2023/09/02 10:00:00",QLDN,465.088,0.6,SATELLITE,"2023/09/02 10:20:24"
D,ROOFTOP,ACTUAL,2,"2023/09/02 10:00:00",QLDS,1833.618,0.6,SATELLITE,"2023/09/02 10:20:24"
D,ROOFTOP,ACTUAL,2,"2023/09/02 10:00:00",SA1,835.835,0.6,SATELLITE,"2023/09/02 10:20:24"
D,ROOFTOP,ACTUAL,2,"2023/09/02 10:00:00",TAS1,95.006,0.6,SATELLITE,"2023/09/02 10:20:24"
D,ROOFTOP,ACTUAL,2,"2023/09/02 10:00:00",TASN,49.514,0.6,SATELLITE,"2023/09/02 10:20:24"
D,ROOFTOP,ACTUAL,2,"2023/09/02 10:00:00",TASS,45.492,0.6,SATELLITE,"2023/09/02 10:20:24"
D,ROOFTOP,ACTUAL,2,"2023/09/02 10:00:00",VIC1,1680.779,0.6,SATELLITE,"2023/09/02 10:20:24"
C,"END OF REPORT",13
