C,NEMP.WORLD,ROOFTOP_PV_ACTUAL_SATELLITE,AEMO,PUBLIC,2023/05/29,08:00:03,0000000388286094,DEMAND,0000000388286093
I,ROOFTOP,ACTUAL,2,INTERVAL_DATETIME,REGIONID,POWER,QI,TYPE,LASTCHANGED
D,ROOFTOP,ACTUAL,2,"2023/05/29 07:30:00",NSW1,236.317,0.6,SATELLITE,"2023/05/29 07:50:20"
D,ROOFTOP,ACTUAL,2,"2023/05/29 07:30:00",QLD1,461.197,0.6,SATELLITE,"2023/05/29 07:50:20"
D,ROOFTOP,ACTUAL,2,"2023/05/29 07:30:00",QLDC,47.297,0.6,SATELLITE,"2023/05/29 07:50:20"
D,ROOFTOP,ACTUAL,2,"2023/05/29 07:30:00",QLDN,53.244,0.6,SATELLITE,"2023/05/29 07:50:20"
D,ROOFTOP,ACTUAL,2,"2023/05/29 07:30:00",QLDS,360.655,0.6,SATELLITE,"2023/05/29 07:50:20"
D,ROOFTOP,ACTUAL,2,"2023/05/29 07:30:00",SA1,0.025,0.6,SATELLITE,"2023/05/29 07:50:20"
D,ROOFTOP,ACTUAL,2,"2023/05/29 07:30:00",TAS1,0.657,0.6,SATELLITE,"2023/05/29 07:50:20"
D,ROOFTOP,ACTUAL,2,"2023/05/29 07:30:00",TASN,0.423,0.6,SATELLITE,"2023/05/29 07:50:20"
D,ROOFTOP,ACTUAL,2,"2023/05/29 07:30:00",TASS,0.234,0.6,SATELLITE,"2023/05/29 07:50:20"
D,ROOFTOP,ACTUAL,2,"2023/05/29 07:30:00",VIC1,18.063,0.6,SATELLITE,"2023/05/29 07:50:20"
C,"END OF REPORT",13
