C,NEMP.WORLD,ROOFTOP_PV_ACTUAL_SATELLITE,AEMO,PUBLIC,2023/03/15,19:30:03,0000000382827132,DEMAND,0000000382827131
I,ROOFTOP,ACTUAL,2,INTERVAL_DATETIME,REGIONID,POWER,QI,TYPE,LASTCHANGED
D,ROOFTOP,ACTUAL,2,"2023/03/15 19:00:00",NSW1,0,0.6,SATELLITE,"2023/03/15 19:20:23"
D,ROOFTOP,ACTUAL,2,"2023/03/15 19:00:00",QLD1,0,0.6,SATELLITE,"2023/03/15 19:20:23"
D,ROOFTOP,ACTUAL,2,"2023/03/15 19:00:00",QLDC,0,0.6,SATELLITE,"2023/03/15 19:20:23"
D,ROOFTOP,ACTUAL,2,"2023/03/15 19:00:00",QLDN,0,0.6,SATELLITE,"2023/03/15 19:20:23"
D,ROOFTOP,ACTUAL,2,"2023/03/15 19:00:00",QLDS,0,0.6,SATELLITE,"2023/03/15 19:20:23"
D,ROOFTOP,ACTUAL,2,"2023/03/15 19:00:00",SA1,30.624,0.6,SATELLITE,"2023/03/15 19:20:23"
D,ROOFTOP,ACTUAL,2,"2023/03/15 19:00:00",TAS1,0,0.6,SATELLITE,"2023/03/15 19:20:23"
D,ROOFTOP,ACTUAL,2,"2023/03/15 19:00:00",TASN,0,0.6,SATELLITE,"2023/03/15 19:20:23"
D,ROOFTOP,ACTUAL,2,"2023/03/15 19:00:00",TASS,0,0.6,SATELLITE,"2023/03/15 19:20:23"
D,ROOFTOP,ACTUAL,2,"2023/03/15 19:00:00",VIC1,1.249,0.6,SATELLITE,"2023/03/15 19:20:23"
C,"END OF REPORT",13
