C,NEMP.WORLD,ROOFTOP_PV_ACTUAL_MEASUREMENT,AEMO,PUBLIC,2023/09/15,07:30:02,0000000397211301,DEMAND,0000000397211301
I,ROOFTOP,ACTUAL,2,INTERVAL_DATETIME,REGIONID,POWER,QI,TYPE,LASTCHANGED
D,ROOFTOP,ACTUAL,2,"2023/09/15 07:00:00",NSW1,339.104,0.7,MEASUREMENT,"2023/09/15 07:19:12"
D,ROOFTOP,ACTUAL,2,"2023/09/15 07:00:00",QLD1,485.345,1,MEASUREMENT,"2023/09/15 07:19:12"
D,ROOFTOP,ACTUAL,2,"2023/09/15 07:00:00",QLDC,41.762,1,MEASUREMENT,"2023/09/15 07:19:12"
D,ROOFTOP,ACTUAL,2,"2023/09/15 07:00:00",QLDN,35.266,1,MEASUREMENT,"2023/09/15 07:19:12"
D,ROOFTOP,ACTUAL,2,"2023/09/15 07:00:00",QLDS,408.316,1,MEASUREMENT,"2023/09/15 07:19:12"
D,ROOFTOP,ACTUAL,2,"2023/09/15 07:00:00",SA1,2.071,1,MEASUREMENT,"2023/09/15 07:19:12"
D,ROOFTOP,ACTUAL,2,"2023/09/15 07:00:00",TAS1,2.638,1,MEASUREMENT,"2023/09/15 07:19:12"
D,ROOFTOP,ACTUAL,2,"2023/09/15 07:00:00",TASN,1.295,1,MEASUREMENT,"2023/09/15 07:19:12"
D,ROOFTOP,ACTUAL,2,"2023/09/15 07:00:00",TASS,1.343,1,MEASUREMENT,"2023/09/15 07:19:12"
D,ROOFTOP,ACTUAL,2,"2023/09/15 07:00:00",VIC1,70.753,1,MEASUREMENT,"2023/09/15 07:19:12"
C,"END OF REPORT",13
