C,NEMP.WORLD,ROOFTOP_PV_ACTUAL_MEASUREMENT,AEMO,PUBLIC,2023/02/24,06:30:02,0000000381474691,DEMAND,0000000381474691
I,ROOFTOP,ACTUAL,2,INTERVAL_DATETIME,REGIONID,POWER,QI,TYPE,LASTCHANGED
D,ROOFTOP,ACTUAL,2,"2023/02/24 06:00:00",NSW1,10.364,1,MEASUREMENT,"2023/02/24 06:19:18"
D,ROOFTOP,ACTUAL,2,"2023/02/24 06:00:00",QLD1,4.419,1,MEASUREMENT,"2023/02/24 06:19:18"
D,ROOFTOP,ACTUAL,2,"2023/02/24 06:00:00",QLDC,0.497,1,MEASUREMENT,"2023/02/24 06:19:18"
D,ROOFTOP,ACTUAL,2,"2023/02/24 06:00:00",QLDN,0,1,MEASUREMENT,"2023/02/24 06:19:18"
D,ROOFTOP,ACTUAL,2,"2023/02/24 06:00:00",QLDS,3.922,1,MEASUREMENT,"2023/02/24 06:19:18"
D,ROOFTOP,ACTUAL,2,"2023/02/24 06:00:00",SA1,0,1,MEASUREMENT,"2023/02/24 06:19:18"
D,ROOFTOP,ACTUAL,2,"2023/02/24 06:00:00",TAS1,0.458,1,MEASUREMENT,"2023/02/24 06:19:18"
D,ROOFTOP,ACTUAL,2,"2023/02/24 06:00:00",TASN,0.099,1,MEASUREMENT,"2023/02/24 06:19:18"
D,ROOFTOP,ACTUAL,2,"2023/02/24 06:00:00",TASS,0.357,1,MEASUREMENT,"2023/02/24 06:19:19"
D,ROOFTOP,ACTUAL,2,"2023/02/24 06:00:00",VIC1,0.128,1,MEASUREMENT,"2023/02/24 06:19:19"
C,"END OF REPORT",13
