C,NEMP.WORLD,ROOFTOP_PV_ACTUAL_MEASUREMENT,AEMO,PUBLIC,2023/12/12,20:00:01,0000000405364034,DEMAND,0000000405364034
I,ROOFTOP,ACTUAL,2,INTERVAL_DATETIME,REGIONID,POWER,QI,TYPE,LASTCHANGED
D,ROOFTOP,ACTUAL,2,"2023/12/12 19:30:00",NSW1,0.694,1,MEASUREMENT,"2023/12/12 19:49:13"
D,ROOFTOP,ACTUAL,2,"2023/12/12 19:30:00",QLD1,0,1,MEASUREMENT,"2023/12/12 19:49:13"
D,ROOFTOP,ACTUAL,2,"2023/12/12 19:30:00",QLDC,0,1,MEASUREMENT,"2023/12/12 19:49:13"
D,ROOFTOP,ACTUAL,2,"2023/12/12 19:30:00",QLDN,0,1,MEASUREMENT,"2023/12/12 19:49:13"
D,ROOFTOP,ACTUAL,2,"2023/12/12 19:30:00",QLDS,0,1,MEASUREMENT,"2023/12/12 19:49:13"
D,ROOFTOP,ACTUAL,2,"2023/12/12 19:30:00",SA1,74.1,1,MEASUREMENT,"2023/12/12 19:49:13"
D,ROOFTOP,ACTUAL,2,"2023/12/12 19:30:00",TAS1,4.11,1,MEASUREMENT,"2023/12/12 19:49:13"
D,ROOFTOP,ACTUAL,2,"2023/12/12 19:30:00",TASN,1.442,1,MEASUREMENT,"2023/12/12 19:49:13"
D,ROOFTOP,ACTUAL,2,"2023/12/12 19:30:00",TASS,2.66,1,MEASUREMENT,"2023/12/12 19:49:13"
D,ROOFTOP,ACTUAL,2,"2023/12/12 19:30:00",VIC1,32.586,1,MEASUREMENT,"2023/12/12 19:49:13"
C,"END OF REPORT",13
