C,NEMP.WORLD,ROOFTOP_PV_ACTUAL_MEASUREMENT,AEMO,PUBLIC,2024/02/16,20:00:02,0000000411287072,DEMAND,0000000411287072
I,ROOFTOP,ACTUAL,2,INTERVAL_DATETIME,REGIONID,POWER,QI,TYPE,LASTCHANGED
D,ROOFTOP,ACTUAL,2,"2024/02/16 19:30:00",NSW1,0,1,MEASUREMENT,"2024/02/16 19:49:14"
D,ROOFTOP,ACTUAL,2,"2024/02/16 19:30:00",QLD1,0,1,MEASUREMENT,"2024/02/16 19:49:14"
D,ROOFTOP,ACTUAL,2,"2024/02/16 19:30:00",QLDC,0,1,MEASUREMENT,"2024/02/16 19:49:14"
D,ROOFTOP,ACTUAL,2,"2024/02/16 19:30:00",QLDN,0,1,MEASUREMENT,"2024/02/16 19:49:14"
D,ROOFTOP,ACTUAL,2,"2024/02/16 19:30:00",QLDS,0,1,MEASUREMENT,"2024/02/16 19:49:14"
D,ROOFTOP,ACTUAL,2,"2024/02/16 19:30:00",SA1,43.176,1,MEASUREMENT,"2024/02/16 19:49:14"
D,ROOFTOP,ACTUAL,2,"2024/02/16 19:30:00",TAS1,0.354,1,MEASUREMENT,"2024/02/16 19:49:14"
D,ROOFTOP,ACTUAL,2,"2024/02/16 19:30:00",TASN,0.125,1,MEASUREMENT,"2024/02/16 19:49:14"
D,ROOFTOP,ACTUAL,2,"2024/02/16 19:30:00",TASS,0.227,1,MEASUREMENT,"2024/02/16 19:49:14"
D,ROOFTOP,ACTUAL,2,"2024/02/16 19:30:00",VIC1,8.151,1,MEASUREMENT,"2024/02/16 19:49:14"
C,"END OF REPORT",13
