C,NEMP.WORLD,ROOFTOP_PV_ACTUAL_MEASUREMENT,AEMO,PUBLIC,2023/07/21,18:30:02,0000000392624021,DEMAND,0000000392624021
I,ROOFTOP,ACTUAL,2,INTERVAL_DATETIME,REGIONID,POWER,QI,TYPE,LASTCHANGED
D,ROOFTOP,ACTUAL,2,"2023/07/21 18:00:00",NSW1,0,1,MEASUREMENT,"2023/07/21 18:19:13"
D,ROOFTOP,ACTUAL,2,"2023/07/21 18:00:00",QLD1,3.636,1,MEASUREMENT,"2023/07/21 18:19:13"
D,ROOFTOP,ACTUAL,2,"2023/07/21 18:00:00",QLDC,0,1,MEASUREMENT,"2023/07/21 18:19:14"
D,ROOFTOP,ACTUAL,2,"2023/07/21 18:00:00",QLDN,3.636,1,MEASUREMENT,"2023/07/21 18:19:14"
D,ROOFTOP,ACTUAL,2,"2023/07/21 18:00:00",QLDS,0,1,MEASUREMENT,"2023/07/21 18:19:14"
D,ROOFTOP,ACTUAL,2,"2023/07/21 18:00:00",SA1,8.275,1,MEASUREMENT,"2023/07/21 18:19:14"
D,ROOFTOP,ACTUAL,2,"2023/07/21 18:00:00",TAS1,0,1,MEASUREMENT,"2023/07/21 18:19:14"
D,ROOFTOP,ACTUAL,2,"2023/07/21 18:00:00",TASN,0,1,MEASUREMENT,"2023/07/21 18:19:14"
D,ROOFTOP,ACTUAL,2,"2023/07/21 18:00:00",TASS,0,1,MEASUREMENT,"2023/07/21 18:19:14"
D,ROOFTOP,ACTUAL,2,"2023/07/21 18:00:00",VIC1,0,1,MEASUREMENT,"2023/07/21 18:19:14"
C,"END OF REPORT",13
