C,NEMP.WORLD,ROOFTOP_PV_ACTUAL_MEASUREMENT,AEMO,PUBLIC,2023/08/18,18:30:02,0000000394903598,DEMAND,0000000394903598
I,ROOFTOP,ACTUAL,2,INTERVAL_DATETIME,REGIONID,POWER,QI,TYPE,LASTCHANGED
D,ROOFTOP,ACTUAL,2,"2023/08/18 18:00:00",NSW1,0.088,1,MEASUREMENT,"2023/08/18 18:19:10"
D,ROOFTOP,ACTUAL,2,"2023/08/18 18:00:00",QLD1,7.722,1,MEASUREMENT,"2023/08/18 18:19:10"
D,ROOFTOP,ACTUAL,2,"2023/08/18 18:00:00",QLDC,0,1,MEASUREMENT,"2023/08/18 18:19:10"
D,ROOFTOP,ACTUAL,2,"2023/08/18 18:00:00",QLDN,7.707,0.7,MEASUREMENT,"2023/08/18 18:19:10"
D,ROOFTOP,ACTUAL,2,"2023/08/18 18:00:00",QLDS,0.016,1,MEASUREMENT,"2023/08/18 18:19:10"
D,ROOFTOP,ACTUAL,2,"2023/08/18 18:00:00",SA1,44.222,0.7,MEASUREMENT,"2023/08/18 18:19:10"
D,ROOFTOP,ACTUAL,2,"2023/08/18 18:00:00",TAS1,0,1,MEASUREMENT,"2023/08/18 18:19:10"
D,ROOFTOP,ACTUAL,2,"2023/08/18 18:00:00",TASN,0,1,MEASUREMENT,"2023/08/18 18:19:10"
D,ROOFTOP,ACTUAL,2,"2023/08/18 18:00:00",TASS,0,1,MEASUREMENT,"2023/08/18 18:19:10"
D,ROOFTOP,ACTUAL,2,"2023/08/18 18:00:00",VIC1,6.028,1,MEASUREMENT,"2023/08/18 18:19:11"
C,"END OF REPORT",13
