C,NEMP.WORLD,ROOFTOP_PV_ACTUAL_SATELLITE,AEMO,PUBLIC,2024/01/08,07:30:01,0000000407873827,DEMAND,0000000407873826
I,ROOFTOP,ACTUAL,2,INTERVAL_DATETIME,REGIONID,POWER,QI,TYPE,LASTCHANGED
D,ROOFTOP,ACTUAL,2,"2024/01/08 07:00:00",NSW1,596.487,0.6,SATELLITE,"2024/01/08 07:20:25"
D,ROOFTOP,ACTUAL,2,"2024/01/08 07:00:00",QLD1,728.08,0.6,SATELLITE,"2024/01/08 07:20:25"
D,ROOFTOP,ACTUAL,2,"2024/01/08 07:00:00",QLDC,74.387,0.6,SATELLITE,"2024/01/08 07:20:25"
D,ROOFTOP,ACTUAL,2,"2024/01/08 07:00:00",QLDN,112.923,0.6,SATELLITE,"2024/01/08 07:20:25"
D,ROOFTOP,ACTUAL,2,"2024/01/08 07:00:00",QLDS,540.769,0.6,SATELLITE,"2024/01/08 07:20:25"
D,ROOFTOP,ACTUAL,2,"2024/01/08 07:00:00",SA1,163.243,0.6,SATELLITE,"2024/01/08 07:20:25"
D,ROOFTOP,ACTUAL,2,"2024/01/08 07:00:00",TAS1,7.723,0.6,SATELLITE,"2024/01/08 07:20:25"
D,ROOFTOP,ACTUAL,2,"2024/01/08 07:00:00",TASN,4.158,0.6,SATELLITE,"2024/01/08 07:20:25"
D,ROOFTOP,ACTUAL,2,"2024/01/08 07:00:00",TASS,3.565,0.6,SATELLITE,"2024/01/08 07:20:25"
D,ROOFTOP,ACTUAL,2,"2024/01/08 07:00:00",VIC1,201.009,0.6,SATELLITE,"2024/01/08 07:20:25"
C,"END OF REPORT",13
