C,NEMP.WORLD,ROOFTOP_PV_ACTUAL_SATELLITE,AEMO,PUBLIC,2023/04/25,19:00:03,0000000385726470,DEMAND,0000000385726469
I,ROOFTOP,ACTUAL,2,INTERVAL_DATETIME,REGIONID,POWER,QI,TYPE,LASTCHANGED
D,ROOFTOP,ACTUAL,2,"2023/04/25 18:30:00",NSW1,0,0.6,SATELLITE,"2023/04/25 18:50:28"
D,ROOFTOP,ACTUAL,2,"2023/04/25 18:30:00",QLD1,0,0.6,SATELLITE,"2023/04/25 18:50:28"
D,ROOFTOP,ACTUAL,2,"2023/04/25 18:30:00",QLDC,0,0.6,SATELLITE,"2023/04/25 18:50:28"
D,ROOFTOP,ACTUAL,2,"2023/04/25 18:30:00",QLDN,0,0.6,SATELLITE,"2023/04/25 18:50:28"
D,ROOFTOP,ACTUAL,2,"2023/04/25 18:30:00",QLDS,0,0.6,SATELLITE,"2023/04/25 18:50:28"
D,ROOFTOP,ACTUAL,2,"2023/04/25 18:30:00",SA1,0.407,0.6,SATELLITE,"2023/04/25 18:50:28"
D,ROOFTOP,ACTUAL,2,"2023/04/25 18:30:00",TAS1,0,0.6,SATELLITE,"2023/04/25 18:50:28"
D,ROOFTOP,ACTUAL,2,"2023/04/25 18:30:00",TASN,0,0.6,SATELLITE,"2023/04/25 18:50:28"
D,ROOFTOP,ACTUAL,2,"2023/04/25 18:30:00",TASS,0,0.6,SATELLITE,"2023/04/25 18:50:28"
D,ROOFTOP,ACTUAL,2,"2023/04/25 18:30:00",VIC1,0,0.6,SATELLITE,"2023/04/25 18:50:28"
C,"END OF REPORT",13
