C,NEMP.WORLD,ROOFTOP_PV_ACTUAL_SATELLITE,AEMO,PUBLIC,2024/02/25,19:30:02,0000000412076336,DEMAND,0000000412076335
I,ROOFTOP,ACTUAL,2,INTERVAL_DATETIME,REGIONID,POWER,QI,TYPE,LASTCHANGED
D,ROOFTOP,ACTUAL,2,"2024/02/25 19:00:00",NSW1,5.303,0.6,SATELLITE,"2024/02/25 19:20:22"
D,ROOFTOP,ACTUAL,2,"2024/02/25 19:00:00",QLD1,0.355,0.6,SATELLITE,"2024/02/25 19:20:22"
D,ROOFTOP,ACTUAL,2,"2024/02/25 19:00:00",QLDC,0,0.6,SATELLITE,"2024/02/25 19:20:22"
D,ROOFTOP,ACTUAL,2,"2024/02/25 19:00:00",QLDN,0.355,0.6,SATELLITE,"2024/02/25 19:20:22"
D,ROOFTOP,ACTUAL,2,"2024/02/25 19:00:00",QLDS,0,0.6,SATELLITE,"2024/02/25 19:20:22"
D,ROOFTOP,ACTUAL,2,"2024/02/25 19:00:00",SA1,109.56,0.6,SATELLITE,"2024/02/25 19:20:22"
D,ROOFTOP,ACTUAL,2,"2024/02/25 19:00:00",TAS1,2.71,0.6,SATELLITE,"2024/02/25 19:20:22"
D,ROOFTOP,ACTUAL,2,"2024/02/25 19:00:00",TASN,1.68,0.6,SATELLITE,"2024/02/25 19:20:22"
D,ROOFTOP,ACTUAL,2,"2024/02/25 19:00:00",TASS,1.03,0.6,SATELLITE,"2024/02/25 19:20:23"
D,ROOFTOP,ACTUAL,2,"2024/02/25 19:00:00",VIC1,42.128,0.6,SATELLITE,"2024/02/25 19:20:23"
C,"END OF REPORT",13
