C,NEMP.WORLD,ROOFTOP_PV_ACTUAL_SATELLITE,AEMO,PUBLIC,2023/07/19,20:00:02,0000000392446080,DEMAND,0000000392446079
I,ROOFTOP,ACTUAL,2,INTERVAL_DATETIME,REGIONID,POWER,QI,TYPE,LASTCHANGED
D,ROOFTOP,ACTUAL,2,"2023/07/19 19:30:00",NSW1,0,0.6,SATELLITE,"2023/07/19 19:50:26"
D,ROOFTOP,ACTUAL,2,"2023/07/19 19:30:00",QLD1,0,0.6,SATELLITE,"2023/07/19 19:50:26"
D,ROOFTOP,ACTUAL,2,"2023/07/19 19:30:00",QLDC,0,0.6,SATELLITE,"2023/07/19 19:50:26"
D,ROOFTOP,ACTUAL,2,"2023/07/19 19:30:00",QLDN,0,0.6,SATELLITE,"2023/07/19 19:50:26"
D,ROOFTOP,ACTUAL,2,"2023/07/19 19:30:00",QLDS,0,0.6,SATELLITE,"2023/07/19 19:50:26"
D,ROOFTOP,ACTUAL,2,"2023/07/19 19:30:00",SA1,0,0.6,SATELLITE,"2023/07/19 19:50:26"
D,ROOFTOP,ACTUAL,2,"2023/07/19 19:30:00",TAS1,0,0.6,SATELLITE,"2023/07/19 19:50:26"
D,ROOFTOP,ACTUAL,2,"2023/07/19 19:30:00",TASN,0,0.6,SATELLITE,"2023/07/19 19:50:26"
D,ROOFTOP,ACTUAL,2,"2023/07/19 19:30:00",TASS,0,0.6,SATELLITE,"2023/07/19 19:50:27"
D,ROOFTOP,ACTUAL,2,"2023/07/19 19:30:00",VIC1,0,0.6,SATELLITE,"2023/07/19 19:50:27"
C,"END OF REPORT",13
