C,NEMP.WORLD,ROOFTOP_PV_ACTUAL_MEASUREMENT,AEMO,PUBLIC,2023/11/25,05:30:02,0000000403396593,DEMAND,0000000403396593
I,ROOFTOP,ACTUAL,2,INTERVAL_DATETIME,REGIONID,POWER,QI,TYPE,LASTCHANGED
D,ROOFTOP,ACTUAL,2,"2023/11/25 05:00:00",NSW1,1.877,1,MEASUREMENT,"2023/11/25 05:19:18"
D,ROOFTOP,ACTUAL,2,"2023/11/25 05:00:00",QLD1,3.562,1,MEASUREMENT,"2023/11/25 05:19:18"
D,ROOFTOP,ACTUAL,2,"2023/11/25 05:00:00",QLDC,0,1,MEASUREMENT,"2023/11/25 05:19:18"
D,ROOFTOP,ACTUAL,2,"2023/11/25 05:00:00",QLDN,0,1,MEASUREMENT,"2023/11/25 05:19:18"
D,ROOFTOP,ACTUAL,2,"2023/11/25 05:00:00",QLDS,3.562,1,MEASUREMENT,"2023/11/25 05:19:18"
D,ROOFTOP,ACTUAL,2,"2023/11/25 05:00:00",SA1,0,1,MEASUREMENT,"2023/11/25 05:19:18"
D,ROOFTOP,ACTUAL,2,"2023/11/25 05:00:00",TAS1,0.224,1,MEASUREMENT,"2023/11/25 05:19:18"
D,ROOFTOP,ACTUAL,2,"2023/11/25 05:00:00",TASN,0.011,1,MEASUREMENT,"2023/11/25 05:19:18"
D,ROOFTOP,ACTUAL,2,"2023/11/25 05:00:00",TASS,0.212,1,MEASUREMENT,"2023/11/25 05:19:18"
D,ROOFTOP,ACTUAL,2,"2023/11/25 05:00:00",VIC1,0.281,1,MEASUREMENT,"2023/11/25 05:19:18"
C,"END OF REPORT",13
