C,NEMP.WORLD,ROOFTOP_PV_ACTUAL_MEASUREMENT,AEMO,PUBLIC,2023/05/23,08:30:03,0000000387818922,DEMAND,0000000387818922
I,ROOFTOP,ACTUAL,2,INTERVAL_DATETIME,REGIONID,POWER,QI,TYPE,LASTCHANGED
D,ROOFTOP,ACTUAL,2,"2023/05/23 08:00:00",NSW1,481.494,1,MEASUREMENT,"2023/05/23 08:19:17"
D,ROOFTOP,ACTUAL,2,"2023/05/23 08:00:00",QLD1,782.431,1,MEASUREMENT,"2023/05/23 08:19:17"
D,ROOFTOP,ACTUAL,2,"2023/05/23 08:00:00",QLDC,69.898,1,MEASUREMENT,"2023/05/23 08:19:18"
D,ROOFTOP,ACTUAL,2,"2023/05/23 08:00:00",QLDN,94.819,1,MEASUREMENT,"2023/05/23 08:19:18"
D,ROOFTOP,ACTUAL,2,"2023/05/23 08:00:00",QLDS,617.713,1,MEASUREMENT,"2023/05/23 08:19:18"
D,ROOFTOP,ACTUAL,2,"2023/05/23 08:00:00",SA1,4.416,1,MEASUREMENT,"2023/05/23 08:19:18"
D,ROOFTOP,ACTUAL,2,"2023/05/23 08:00:00",TAS1,3.28,1,MEASUREMENT,"2023/05/23 08:19:18"
D,ROOFTOP,ACTUAL,2,"2023/05/23 08:00:00",TASN,1.841,1,MEASUREMENT,"2023/05/23 08:19:18"
D,ROOFTOP,ACTUAL,2,"2023/05/23 08:00:00",TASS,1.441,1,MEASUREMENT,"2023/05/23 08:19:18"
D,ROOFTOP,ACTUAL,2,"2023/05/23 08:00:00",VIC1,76.762,1,MEASUREMENT,"2023/05/23 08:19:18"
C,"END OF REPORT",13
