C,NEMP.WORLD,ROOFTOP_PV_ACTUAL_SATELLITE,AEMO,PUBLIC,2024/01/16,05:30:02,0000000408529869,DEMAND,0000000408529868
I,ROOFTOP,ACTUAL,2,INTERVAL_DATETIME,REGIONID,POWER,QI,TYPE,LASTCHANGED
D,ROOFTOP,ACTUAL,2,"2024/01/16 05:00:00",NSW1,6.546,0.6,SATELLITE,"2024/01/16 05:20:23"
D,ROOFTOP,ACTUAL,2,"2024/01/16 05:00:00",QLD1,0.244,0.6,SATELLITE,"2024/01/16 05:20:23"
D,ROOFTOP,ACTUAL,2,"2024/01/16 05:00:00",QLDC,0,0.6,SATELLITE,"2024/01/16 05:20:23"
D,ROOFTOP,ACTUAL,2,"2024/01/16 05:00:00",QLDN,0,0.6,SATELLITE,"2024/01/16 05:20:24"
D,ROOFTOP,ACTUAL,2,"2024/01/16 05:00:00",QLDS,0.244,0.6,SATELLITE,"2024/01/16 05:20:24"
D,ROOFTOP,ACTUAL,2,"2024/01/16 05:00:00",SA1,0,0.6,SATELLITE,"2024/01/16 05:20:24"
D,ROOFTOP,ACTUAL,2,"2024/01/16 05:00:00",TAS1,1.177,0.6,SATELLITE,"2024/01/16 05:20:24"
D,ROOFTOP,ACTUAL,2,"2024/01/16 05:00:00",TASN,0.304,0.6,SATELLITE,"2024/01/16 05:20:24"
D,ROOFTOP,ACTUAL,2,"2024/01/16 05:00:00",TASS,0.874,0.6,SATELLITE,"2024/01/16 05:20:24"
D,ROOFTOP,ACTUAL,2,"2024/01/16 05:00:00",VIC1,0,0.6,SATELLITE,"2024/01/16 05:20:24"
C,"END OF REPORT",13
