C,NEMP.WORLD,ROOFTOP_PV_ACTUAL_SATELLITE,AEMO,PUBLIC,2023/12/04,13:30:02,0000000404401414,DEMAND,0000000404401413
I,ROOFTOP,ACTUAL,2,INTERVAL_DATETIME,REGIONID,POWER,QI,TYPE,LASTCHANGED
D,ROOFTOP,ACTUAL,2,"2023/12/04 13:00:00",NSW1,4265.687,0.6,SATELLITE,"2023/12/04 13:20:26"
D,ROOFTOP,ACTUAL,2,"2023/12/04 13:00:00",QLD1,3646.68,0.6,SATELLITE,"2023/12/04 13:20:26"
D,ROOFTOP,ACTUAL,2,"2023/12/04 13:00:00",QLDC,260.406,0.6,SATELLITE,"2023/12/04 13:20:26"
D,ROOFTOP,ACTUAL,2,"2023/12/04 13:00:00",QLDN,672.654,0.6,SATELLITE,"2023/12/04 13:20:26"
D,ROOFTOP,ACTUAL,2,"2023/12/04 13:00:00",QLDS,2713.621,0.6,SATELLITE,"2023/12/04 13:20:26"
D,ROOFTOP,ACTUAL,2,"2023/12/04 13:00:00",SA1,1907.019,0.6,SATELLITE,"2023/12/04 13:20:26"
D,ROOFTOP,ACTUAL,2,"2023/12/04 13:00:00",TAS1,80.109,0.6,SATELLITE,"2023/12/04 13:20:26"
D,ROOFTOP,ACTUAL,2,"2023/12/04 13:00:00",TASN,42.005,0.6,SATELLITE,"2023/12/04 13:20:26"
D,ROOFTOP,ACTUAL,2,"2023/12/04 13:00:00",TASS,38.105,0.6,SATELLITE,"2023/12/04 13:20:26"
D,ROOFTOP,ACTUAL,2,"2023/12/04 13:00:00",VIC1,3290.244,0.6,SATELLITE,"2023/12/04 13:20:26"
C,"END OF REPORT",13
