C,NEMP.WORLD,ROOFTOP_PV_ACTUAL_MEASUREMENT,AEMO,PUBLIC,2023/06/07,18:00:01,0000000389028124,DEMAND,0000000389028124
I,ROOFTOP,ACTUAL,2,INTERVAL_DATETIME,REGIONID,POWER,QI,TYPE,LASTCHANGED
D,ROOFTOP,ACTUAL,2,"2023/06/07 17:30:00",NSW1,0.078,1,MEASUREMENT,"2023/06/07 17:49:14"
D,ROOFTOP,ACTUAL,2,"2023/06/07 17:30:00",QLD1,15.594,1,MEASUREMENT,"2023/06/07 17:49:14"
D,ROOFTOP,ACTUAL,2,"2023/06/07 17:30:00",QLDC,0.246,1,MEASUREMENT,"2023/06/07 17:49:14"
D,ROOFTOP,ACTUAL,2,"2023/06/07 17:30:00",QLDN,15.306,1,MEASUREMENT,"2023/06/07 17:49:14"
D,ROOFTOP,ACTUAL,2,"2023/06/07 17:30:00",QLDS,0.041,1,MEASUREMENT,"2023/06/07 17:49:14"
D,ROOFTOP,ACTUAL,2,"2023/06/07 17:30:00",SA1,65.367,1,MEASUREMENT,"2023/06/07 17:49:14"
D,ROOFTOP,ACTUAL,2,"2023/06/07 17:30:00",TAS1,0,1,MEASUREMENT,"2023/06/07 17:49:14"
D,ROOFTOP,ACTUAL,2,"2023/06/07 17:30:00",TASN,0,1,MEASUREMENT,"2023/06/07 17:49:14"
D,ROOFTOP,ACTUAL,2,"2023/06/07 17:30:00",TASS,0,1,MEASUREMENT,"2023/06/07 17:49:14"
D,ROOFTOP,ACTUAL,2,"2023/06/07 17:30:00",VIC1,0.122,1,MEASUREMENT,"2023/06/07 17:49:14"
C,"END OF REPORT",13
