C,NEMP.WORLD,ROOFTOP_PV_ACTUAL_MEASUREMENT,AEMO,PUBLIC,2023/07/15,07:30:02,0000000392036038,DEMAND,0000000392036038
I,ROOFTOP,ACTUAL,2,INTERVAL_DATETIME,REGIONID,POWER,QI,TYPE,LASTCHANGED
D,ROOFTOP,ACTUAL,2,"2023/07/15 07:00:00",NSW1,1.599,1,MEASUREMENT,"2023/07/15 07:19:19"
D,ROOFTOP,ACTUAL,2,"2023/07/15 07:00:00",QLD1,14.724,1,MEASUREMENT,"2023/07/15 07:19:19"
D,ROOFTOP,ACTUAL,2,"2023/07/15 07:00:00",QLDC,2.159,1,MEASUREMENT,"2023/07/15 07:19:19"
D,ROOFTOP,ACTUAL,2,"2023/07/15 07:00:00",QLDN,0.398,1,MEASUREMENT,"2023/07/15 07:19:19"
D,ROOFTOP,ACTUAL,2,"2023/07/15 07:00:00",QLDS,12.167,1,MEASUREMENT,"2023/07/15 07:19:19"
D,ROOFTOP,ACTUAL,2,"2023/07/15 07:00:00",SA1,0,1,MEASUREMENT,"2023/07/15 07:19:19"
D,ROOFTOP,ACTUAL,2,"2023/07/15 07:00:00",TAS1,0,1,MEASUREMENT,"2023/07/15 07:19:19"
D,ROOFTOP,ACTUAL,2,"2023/07/15 07:00:00",TASN,0,1,MEASUREMENT,"2023/07/15 07:19:19"
D,ROOFTOP,ACTUAL,2,"2023/07/15 07:00:00",TASS,0,1,MEASUREMENT,"2023/07/15 07:19:19"
D,ROOFTOP,ACTUAL,2,"2023/07/15 07:00:00",VIC1,0,1,MEASUREMENT,"2023/07/15 07:19:19"
C,"END OF REPORT",13
