C,NEMP.WORLD,ROOFTOP_PV_ACTUAL_MEASUREMENT,AEMO,PUBLIC,2024/01/19,06:00:02,0000000408795903,DEMAND,0000000408795903
I,ROOFTOP,ACTUAL,2,INTERVAL_DATETIME,REGIONID,POWER,QI,TYPE,LASTCHANGED
D,ROOFTOP,ACTUAL,2,"2024/01/19 05:30:00",NSW1,29.787,1,MEASUREMENT,"2024/01/19 05:49:19"
D,ROOFTOP,ACTUAL,2,"2024/01/19 05:30:00",QLD1,8.2,0.7,MEASUREMENT,"2024/01/19 05:49:19"
D,ROOFTOP,ACTUAL,2,"2024/01/19 05:30:00",QLDC,0.22,1,MEASUREMENT,"2024/01/19 05:49:19"
D,ROOFTOP,ACTUAL,2,"2024/01/19 05:30:00",QLDN,0,1,MEASUREMENT,"2024/01/19 05:49:19"
D,ROOFTOP,ACTUAL,2,"2024/01/19 05:30:00",QLDS,7.98,0.7,MEASUREMENT,"2024/01/19 05:49:19"
D,ROOFTOP,ACTUAL,2,"2024/01/19 05:30:00",SA1,0,1,MEASUREMENT,"2024/01/19 05:49:19"
D,ROOFTOP,ACTUAL,2,"2024/01/19 05:30:00",TAS1,2.376,1,MEASUREMENT,"2024/01/19 05:49:19"
D,ROOFTOP,ACTUAL,2,"2024/01/19 05:30:00",TASN,0.407,1,MEASUREMENT,"2024/01/19 05:49:19"
D,ROOFTOP,ACTUAL,2,"2024/01/19 05:30:00",TASS,1.959,1,MEASUREMENT,"2024/01/19 05:49:19"
D,ROOFTOP,ACTUAL,2,"2024/01/19 05:30:00",VIC1,2.156,1,MEASUREMENT,"2024/01/19 05:49:19"
C,"END OF REPORT",13
