C,NEMP.WORLD,ROOFTOP_PV_ACTUAL_MEASUREMENT,AEMO,PUBLIC,2023/08/27,18:30:02,0000000395669081,DEMAND,0000000395669081
I,ROOFTOP,ACTUAL,2,INTERVAL_DATETIME,REGIONID,POWER,QI,TYPE,LASTCHANGED
D,ROOFTOP,ACTUAL,2,"2023/08/27 18:00:00",NSW1,1.114,1,MEASUREMENT,"2023/08/27 18:19:15"
D,ROOFTOP,ACTUAL,2,"2023/08/27 18:00:00",QLD1,11.463,1,MEASUREMENT,"2023/08/27 18:19:15"
D,ROOFTOP,ACTUAL,2,"2023/08/27 18:00:00",QLDC,0.126,1,MEASUREMENT,"2023/08/27 18:19:15"
D,ROOFTOP,ACTUAL,2,"2023/08/27 18:00:00",QLDN,11.282,1,MEASUREMENT,"2023/08/27 18:19:15"
D,ROOFTOP,ACTUAL,2,"2023/08/27 18:00:00",QLDS,0.055,1,MEASUREMENT,"2023/08/27 18:19:15"
D,ROOFTOP,ACTUAL,2,"2023/08/27 18:00:00",SA1,121.712,0.7,MEASUREMENT,"2023/08/27 18:19:15"
D,ROOFTOP,ACTUAL,2,"2023/08/27 18:00:00",TAS1,0.054,1,MEASUREMENT,"2023/08/27 18:19:15"
D,ROOFTOP,ACTUAL,2,"2023/08/27 18:00:00",TASN,0.054,1,MEASUREMENT,"2023/08/27 18:19:16"
D,ROOFTOP,ACTUAL,2,"2023/08/27 18:00:00",TASS,0,1,MEASUREMENT,"2023/08/27 18:19:16"
D,ROOFTOP,ACTUAL,2,"2023/08/27 18:00:00",VIC1,17.717,1,MEASUREMENT,"2023/08/27 18:19:16"
C,"END OF REPORT",13
