C,NEMP.WORLD,ROOFTOP_PV_ACTUAL_MEASUREMENT,AEMO,PUBLIC,2023/10/31,06:30:02,0000000401107175,DEMAND,0000000401107175
I,ROOFTOP,ACTUAL,2,INTERVAL_DATETIME,REGIONID,POWER,QI,TYPE,LASTCHANGED
D,ROOFTOP,ACTUAL,2,"2023/10/31 06:00:00",NSW1,225.36,1,MEASUREMENT,"2023/10/31 06:19:08"
D,ROOFTOP,ACTUAL,2,"2023/10/31 06:00:00",QLD1,271.09,1,MEASUREMENT,"2023/10/31 06:19:08"
D,ROOFTOP,ACTUAL,2,"2023/10/31 06:00:00",QLDC,23.154,1,MEASUREMENT,"2023/10/31 06:19:08"
D,ROOFTOP,ACTUAL,2,"2023/10/31 06:00:00",QLDN,9.707,1,MEASUREMENT,"2023/10/31 06:19:08"
D,ROOFTOP,ACTUAL,2,"2023/10/31 06:00:00",QLDS,238.229,1,MEASUREMENT,"2023/10/31 06:19:08"
D,ROOFTOP,ACTUAL,2,"2023/10/31 06:00:00",SA1,2.694,1,MEASUREMENT,"2023/10/31 06:19:08"
D,ROOFTOP,ACTUAL,2,"2023/10/31 06:00:00",TAS1,15.16,1,MEASUREMENT,"2023/10/31 06:19:08"
D,ROOFTOP,ACTUAL,2,"2023/10/31 06:00:00",TASN,5.722,1,MEASUREMENT,"2023/10/31 06:19:08"
D,ROOFTOP,ACTUAL,2,"2023/10/31 06:00:00",TASS,9.412,1,MEASUREMENT,"2023/10/31 06:19:08"
D,ROOFTOP,ACTUAL,2,"2023/10/31 06:00:00",VIC1,83.802,1,MEASUREMENT,"2023/10/31 06:19:08"
C,"END OF REPORT",13
