C,NEMP.WORLD,ROOFTOP_PV_ACTUAL_SATELLITE,AEMO,PUBLIC,2023/07/29,12:30:02,0000000393240579,DEMAND,0000000393240578
I,ROOFTOP,ACTUAL,2,INTERVAL_DATETIME,REGIONID,POWER,QI,TYPE,LASTCHANGED
D,ROOFTOP,ACTUAL,2,"2023/07/29 12:00:00",NSW1,2126.216,0.6,SATELLITE,"2023/07/29 12:20:23"
D,ROOFTOP,ACTUAL,2,"2023/07/29 12:00:00",QLD1,2751.268,0.6,SATELLITE,"2023/07/29 12:20:23"
D,ROOFTOP,ACTUAL,2,"2023/07/29 12:00:00",QLDC,228.213,0.6,SATELLITE,"2023/07/29 12:20:23"
D,ROOFTOP,ACTUAL,2,"2023/07/29 12:00:00",QLDN,423.021,0.6,SATELLITE,"2023/07/29 12:20:23"
D,ROOFTOP,ACTUAL,2,"2023/07/29 12:00:00",QLDS,2100.034,0.6,SATELLITE,"2023/07/29 12:20:23"
D,ROOFTOP,ACTUAL,2,"2023/07/29 12:00:00",SA1,707.485,0.6,SATELLITE,"2023/07/29 12:20:23"
D,ROOFTOP,ACTUAL,2,"2023/07/29 12:00:00",TAS1,55.61,0.6,SATELLITE,"2023/07/29 12:20:23"
D,ROOFTOP,ACTUAL,2,"2023/07/29 12:00:00",TASN,20.825,0.6,SATELLITE,"2023/07/29 12:20:23"
D,ROOFTOP,ACTUAL,2,"2023/07/29 12:00:00",TASS,34.785,0.6,SATELLITE,"2023/07/29 12:20:23"
D,ROOFTOP,ACTUAL,2,"2023/07/29 12:00:00",VIC1,1338.075,0.6,SATELLITE,"2023/07/29 12:20:23"
C,"END OF REPORT",13
