C,NEMP.WORLD,ROOFTOP_PV_ACTUAL_MEASUREMENT,AEMO,PUBLIC,2023/12/27,20:30:02,0000000406939497,DEMAND,0000000406939497
I,ROOFTOP,ACTUAL,2,INTERVAL_DATETIME,REGIONID,POWER,QI,TYPE,LASTCHANGED
D,ROOFTOP,ACTUAL,2,"2023/12/27 20:00:00",NSW1,0,1,MEASUREMENT,"2023/12/27 20:19:13"
D,ROOFTOP,ACTUAL,2,"2023/12/27 20:00:00",QLD1,0,1,MEASUREMENT,"2023/12/27 20:19:13"
D,ROOFTOP,ACTUAL,2,"2023/12/27 20:00:00",QLDC,0,1,MEASUREMENT,"2023/12/27 20:19:13"
D,ROOFTOP,ACTUAL,2,"2023/12/27 20:00:00",QLDN,0,1,MEASUREMENT,"2023/12/27 20:19:13"
D,ROOFTOP,ACTUAL,2,"2023/12/27 20:00:00",QLDS,0,1,MEASUREMENT,"2023/12/27 20:19:13"
D,ROOFTOP,ACTUAL,2,"2023/12/27 20:00:00",SA1,13.06,1,MEASUREMENT,"2023/12/27 20:19:13"
D,ROOFTOP,ACTUAL,2,"2023/12/27 20:00:00",TAS1,0.279,1,MEASUREMENT,"2023/12/27 20:19:13"
D,ROOFTOP,ACTUAL,2,"2023/12/27 20:00:00",TASN,0.025,1,MEASUREMENT,"2023/12/27 20:19:13"
D,ROOFTOP,ACTUAL,2,"2023/12/27 20:00:00",TASS,0.252,1,MEASUREMENT,"2023/12/27 20:19:13"
D,ROOFTOP,ACTUAL,2,"2023/12/27 20:00:00",VIC1,2.706,1,MEASUREMENT,"2023/12/27 20:19:13"
C,"END OF REPORT",13
