C,NEMP.WORLD,ROOFTOP_PV_ACTUAL_MEASUREMENT,AEMO,PUBLIC,2023/11/20,05:30:02,0000000402963620,DEMAND,0000000402963620
I,ROOFTOP,ACTUAL,2,INTERVAL_DATETIME,REGIONID,POWER,QI,TYPE,LASTCHANGED
D,ROOFTOP,ACTUAL,2,"2023/11/20 05:00:00",NSW1,3.094,1,MEASUREMENT,"2023/11/20 05:19:13"
D,ROOFTOP,ACTUAL,2,"2023/11/20 05:00:00",QLD1,0.219,1,MEASUREMENT,"2023/11/20 05:19:13"
D,ROOFTOP,ACTUAL,2,"2023/11/20 05:00:00",QLDC,0,1,MEASUREMENT,"2023/11/20 05:19:13"
D,ROOFTOP,ACTUAL,2,"2023/11/20 05:00:00",QLDN,0,1,MEASUREMENT,"2023/11/20 05:19:13"
D,ROOFTOP,ACTUAL,2,"2023/11/20 05:00:00",QLDS,0.219,1,MEASUREMENT,"2023/11/20 05:19:13"
D,ROOFTOP,ACTUAL,2,"2023/11/20 05:00:00",SA1,0,1,MEASUREMENT,"2023/11/20 05:19:13"
D,ROOFTOP,ACTUAL,2,"2023/11/20 05:00:00",TAS1,0.746,1,MEASUREMENT,"2023/11/20 05:19:13"
D,ROOFTOP,ACTUAL,2,"2023/11/20 05:00:00",TASN,0.109,1,MEASUREMENT,"2023/11/20 05:19:13"
D,ROOFTOP,ACTUAL,2,"2023/11/20 05:00:00",TASS,0.633,1,MEASUREMENT,"2023/11/20 05:19:13"
D,ROOFTOP,ACTUAL,2,"2023/11/20 05:00:00",VIC1,0.002,1,MEASUREMENT,"2023/11/20 05:19:13"
C,"END OF REPORT",13
