C,NEMP.WORLD,ROOFTOP_PV_ACTUAL_SATELLITE,AEMO,PUBLIC,2023/06/21,07:30:01,0000000390085988,DEMAND,0000000390085987
I,ROOFTOP,ACTUAL,2,INTERVAL_DATETIME,REGIONID,POWER,QI,TYPE,LASTCHANGED
D,ROOFTOP,ACTUAL,2,"2023/06/21 07:00:00",NSW1,16.727,0.6,SATELLITE,"2023/06/21 07:20:22"
D,ROOFTOP,ACTUAL,2,"2023/06/21 07:00:00",QLD1,87.652,0.6,SATELLITE,"2023/06/21 07:20:22"
D,ROOFTOP,ACTUAL,2,"2023/06/21 07:00:00",QLDC,10.003,0.6,SATELLITE,"2023/06/21 07:20:22"
D,ROOFTOP,ACTUAL,2,"2023/06/21 07:00:00",QLDN,5.496,0.6,SATELLITE,"2023/06/21 07:20:22"
D,ROOFTOP,ACTUAL,2,"2023/06/21 07:00:00",QLDS,72.154,0.6,SATELLITE,"2023/06/21 07:20:22"
D,ROOFTOP,ACTUAL,2,"2023/06/21 07:00:00",SA1,0,0.6,SATELLITE,"2023/06/21 07:20:22"
D,ROOFTOP,ACTUAL,2,"2023/06/21 07:00:00",TAS1,0,0.6,SATELLITE,"2023/06/21 07:20:22"
D,ROOFTOP,ACTUAL,2,"2023/06/21 07:00:00",TASN,0,0.6,SATELLITE,"2023/06/21 07:20:22"
D,ROOFTOP,ACTUAL,2,"2023/06/21 07:00:00",TASS,0,0.6,SATELLITE,"2023/06/21 07:20:22"
D,ROOFTOP,ACTUAL,2,"2023/06/21 07:00:00",VIC1,0,0.6,SATELLITE,"2023/06/21 07:20:22"
C,"END OF REPORT",13
