C,NEMP.WORLD,ROOFTOP_PV_ACTUAL_MEASUREMENT,AEMO,PUBLIC,2023/08/12,09:30:02,0000000394379453,DEMAND,0000000394379453
I,ROOFTOP,ACTUAL,2,INTERVAL_DATETIME,REGIONID,POWER,QI,TYPE,LASTCHANGED
D,ROOFTOP,ACTUAL,2,"2023/08/12 09:00:00",NSW1,1545.565,0.7,MEASUREMENT,"2023/08/12 09:19:16"
D,ROOFTOP,ACTUAL,2,"2023/08/12 09:00:00",QLD1,1820.419,1,MEASUREMENT,"2023/08/12 09:19:16"
D,ROOFTOP,ACTUAL,2,"2023/08/12 09:00:00",QLDC,169.161,0.7,MEASUREMENT,"2023/08/12 09:19:16"
D,ROOFTOP,ACTUAL,2,"2023/08/12 09:00:00",QLDN,286.111,0.7,MEASUREMENT,"2023/08/12 09:19:16"
D,ROOFTOP,ACTUAL,2,"2023/08/12 09:00:00",QLDS,1365.148,1,MEASUREMENT,"2023/08/12 09:19:17"
D,ROOFTOP,ACTUAL,2,"2023/08/12 09:00:00",SA1,115.303,0.7,MEASUREMENT,"2023/08/12 09:19:17"
D,ROOFTOP,ACTUAL,2,"2023/08/12 09:00:00",TAS1,44.05,1,MEASUREMENT,"2023/08/12 09:19:17"
D,ROOFTOP,ACTUAL,2,"2023/08/12 09:00:00",TASN,27.281,1,MEASUREMENT,"2023/08/12 09:19:17"
D,ROOFTOP,ACTUAL,2,"2023/08/12 09:00:00",TASS,16.816,1,MEASUREMENT,"2023/08/12 09:19:17"
D,ROOFTOP,ACTUAL,2,"2023/08/12 09:00:00",VIC1,244.129,0.7,MEASUREMENT,"2023/08/12 09:19:17"
C,"END OF REPORT",13
