C,NEMP.WORLD,ROOFTOP_PV_ACTUAL_MEASUREMENT,AEMO,PUBLIC,2023/06/30,07:30:01,0000000390807982,DEMAND,0000000390807982
I,ROOFTOP,ACTUAL,2,INTERVAL_DATETIME,REGIONID,POWER,QI,TYPE,LASTCHANGED
D,ROOFTOP,ACTUAL,2,"2023/06/30 07:00:00",NSW1,1.36,1,MEASUREMENT,"2023/06/30 07:19:15"
D,ROOFTOP,ACTUAL,2,"2023/06/30 07:00:00",QLD1,19.497,1,MEASUREMENT,"2023/06/30 07:19:15"
D,ROOFTOP,ACTUAL,2,"2023/06/30 07:00:00",QLDC,2.708,1,MEASUREMENT,"2023/06/30 07:19:15"
D,ROOFTOP,ACTUAL,2,"2023/06/30 07:00:00",QLDN,0.982,1,MEASUREMENT,"2023/06/30 07:19:15"
D,ROOFTOP,ACTUAL,2,"2023/06/30 07:00:00",QLDS,15.807,1,MEASUREMENT,"2023/06/30 07:19:15"
D,ROOFTOP,ACTUAL,2,"2023/06/30 07:00:00",SA1,0,1,MEASUREMENT,"2023/06/30 07:19:15"
D,ROOFTOP,ACTUAL,2,"2023/06/30 07:00:00",TAS1,0,1,MEASUREMENT,"2023/06/30 07:19:15"
D,ROOFTOP,ACTUAL,2,"2023/06/30 07:00:00",TASN,0,1,MEASUREMENT,"2023/06/30 07:19:15"
D,ROOFTOP,ACTUAL,2,"2023/06/30 07:00:00",TASS,0,1,MEASUREMENT,"2023/06/30 07:19:15"
D,ROOFTOP,ACTUAL,2,"2023/06/30 07:00:00",VIC1,0,1,MEASUREMENT,"2023/06/30 07:19:15"
C,"END OF REPORT",13
