C,NEMP.WORLD,ROOFTOP_PV_ACTUAL_SATELLITE,AEMO,PUBLIC,2023/05/24,18:00:03,0000000387938070,DEMAND,0000000387938069
I,ROOFTOP,ACTUAL,2,INTERVAL_DATETIME,REGIONID,POWER,QI,TYPE,LASTCHANGED
D,ROOFTOP,ACTUAL,2,"2023/05/24 17:30:00",NSW1,0.502,0.6,SATELLITE,"2023/05/24 17:50:25"
D,ROOFTOP,ACTUAL,2,"2023/05/24 17:30:00",QLD1,21.227,0.6,SATELLITE,"2023/05/24 17:50:25"
D,ROOFTOP,ACTUAL,2,"2023/05/24 17:30:00",QLDC,0.716,0.6,SATELLITE,"2023/05/24 17:50:25"
D,ROOFTOP,ACTUAL,2,"2023/05/24 17:30:00",QLDN,20.247,0.6,SATELLITE,"2023/05/24 17:50:26"
D,ROOFTOP,ACTUAL,2,"2023/05/24 17:30:00",QLDS,0.264,0.6,SATELLITE,"2023/05/24 17:50:26"
D,ROOFTOP,ACTUAL,2,"2023/05/24 17:30:00",SA1,32.786,0.6,SATELLITE,"2023/05/24 17:50:26"
D,ROOFTOP,ACTUAL,2,"2023/05/24 17:30:00",TAS1,0,0.6,SATELLITE,"2023/05/24 17:50:26"
D,ROOFTOP,ACTUAL,2,"2023/05/24 17:30:00",TASN,0,0.6,SATELLITE,"2023/05/24 17:50:26"
D,ROOFTOP,ACTUAL,2,"2023/05/24 17:30:00",TASS,0,0.6,SATELLITE,"2023/05/24 17:50:26"
D,ROOFTOP,ACTUAL,2,"2023/05/24 17:30:00",VIC1,2.003,0.6,SATELLITE,"2023/05/24 17:50:26"
C,"END OF REPORT",13
