C,NEMP.WORLD,ROOFTOP_PV_ACTUAL_SATELLITE,AEMO,PUBLIC,2023/02/26,19:30:02,0000000381639959,DEMAND,0000000381639958
I,ROOFTOP,ACTUAL,2,INTERVAL_DATETIME,REGIONID,POWER,QI,TYPE,LASTCHANGED
D,ROOFTOP,ACTUAL,2,"2023/02/26 19:00:00",NSW1,2.736,0.6,SATELLITE,"2023/02/26 19:20:20"
D,ROOFTOP,ACTUAL,2,"2023/02/26 19:00:00",QLD1,0.314,0.6,SATELLITE,"2023/02/26 19:20:20"
D,ROOFTOP,ACTUAL,2,"2023/02/26 19:00:00",QLDC,0,0.6,SATELLITE,"2023/02/26 19:20:20"
D,ROOFTOP,ACTUAL,2,"2023/02/26 19:00:00",QLDN,0.314,0.6,SATELLITE,"2023/02/26 19:20:20"
D,ROOFTOP,ACTUAL,2,"2023/02/26 19:00:00",QLDS,0,0.6,SATELLITE,"2023/02/26 19:20:20"
D,ROOFTOP,ACTUAL,2,"2023/02/26 19:00:00",SA1,104.012,0.6,SATELLITE,"2023/02/26 19:20:20"
D,ROOFTOP,ACTUAL,2,"2023/02/26 19:00:00",TAS1,1.877,0.6,SATELLITE,"2023/02/26 19:20:20"
D,ROOFTOP,ACTUAL,2,"2023/02/26 19:00:00",TASN,0.938,0.6,SATELLITE,"2023/02/26 19:20:20"
D,ROOFTOP,ACTUAL,2,"2023/02/26 19:00:00",TASS,0.939,0.6,SATELLITE,"2023/02/26 19:20:21"
D,ROOFTOP,ACTUAL,2,"2023/02/26 19:00:00",VIC1,48.048,0.6,SATELLITE,"2023/02/26 19:20:21"
C,"END OF REPORT",13
