C,NEMP.WORLD,ROOFTOP_PV_ACTUAL_MEASUREMENT,AEMO,PUBLIC,2023/09/04,18:30:02,0000000396333083,DEMAND,0000000396333083
I,ROOFTOP,ACTUAL,2,INTERVAL_DATETIME,REGIONID,POWER,QI,TYPE,LASTCHANGED
D,ROOFTOP,ACTUAL,2,"2023/09/04 18:00:00",NSW1,2.949,1,MEASUREMENT,"2023/09/04 18:19:11"
D,ROOFTOP,ACTUAL,2,"2023/09/04 18:00:00",QLD1,12.644,1,MEASUREMENT,"2023/09/04 18:19:11"
D,ROOFTOP,ACTUAL,2,"2023/09/04 18:00:00",QLDC,0.241,1,MEASUREMENT,"2023/09/04 18:19:11"
D,ROOFTOP,ACTUAL,2,"2023/09/04 18:00:00",QLDN,12.298,1,MEASUREMENT,"2023/09/04 18:19:11"
D,ROOFTOP,ACTUAL,2,"2023/09/04 18:00:00",QLDS,0.105,1,MEASUREMENT,"2023/09/04 18:19:11"
D,ROOFTOP,ACTUAL,2,"2023/09/04 18:00:00",SA1,128.053,0.7,MEASUREMENT,"2023/09/04 18:19:11"
D,ROOFTOP,ACTUAL,2,"2023/09/04 18:00:00",TAS1,0.381,1,MEASUREMENT,"2023/09/04 18:19:11"
D,ROOFTOP,ACTUAL,2,"2023/09/04 18:00:00",TASN,0.016,1,MEASUREMENT,"2023/09/04 18:19:11"
D,ROOFTOP,ACTUAL,2,"2023/09/04 18:00:00",TASS,0.362,1,MEASUREMENT,"2023/09/04 18:19:11"
D,ROOFTOP,ACTUAL,2,"2023/09/04 18:00:00",VIC1,6.123,1,MEASUREMENT,"2023/09/04 18:19:11"
C,"END OF REPORT",13
