C,NEMP.WORLD,ROOFTOP_PV_ACTUAL_MEASUREMENT,AEMO,PUBLIC,2024/01/26,20:30:02,0000000409460744,DEMAND,0000000409460744
I,ROOFTOP,ACTUAL,2,INTERVAL_DATETIME,REGIONID,POWER,QI,TYPE,LASTCHANGED
D,ROOFTOP,ACTUAL,2,"2024/01/26 20:00:00",NSW1,0,1,MEASUREMENT,"2024/01/26 20:19:10"
D,ROOFTOP,ACTUAL,2,"2024/01/26 20:00:00",QLD1,0,1,MEASUREMENT,"2024/01/26 20:19:10"
D,ROOFTOP,ACTUAL,2,"2024/01/26 20:00:00",QLDC,0,1,MEASUREMENT,"2024/01/26 20:19:10"
D,ROOFTOP,ACTUAL,2,"2024/01/26 20:00:00",QLDN,0,1,MEASUREMENT,"2024/01/26 20:19:10"
D,ROOFTOP,ACTUAL,2,"2024/01/26 20:00:00",QLDS,0,1,MEASUREMENT,"2024/01/26 20:19:10"
D,ROOFTOP,ACTUAL,2,"2024/01/26 20:00:00",SA1,14.98,1,MEASUREMENT,"2024/01/26 20:19:10"
D,ROOFTOP,ACTUAL,2,"2024/01/26 20:00:00",TAS1,0.091,1,MEASUREMENT,"2024/01/26 20:19:10"
D,ROOFTOP,ACTUAL,2,"2024/01/26 20:00:00",TASN,0.007,1,MEASUREMENT,"2024/01/26 20:19:10"
D,ROOFTOP,ACTUAL,2,"2024/01/26 20:00:00",TASS,0.083,1,MEASUREMENT,"2024/01/26 20:19:10"
D,ROOFTOP,ACTUAL,2,"2024/01/26 20:00:00",VIC1,0.47,1,MEASUREMENT,"2024/01/26 20:19:10"
C,"END OF REPORT",13
