C,NEMP.WORLD,ROOFTOP_PV_ACTUAL_MEASUREMENT,AEMO,PUBLIC,2023/12/22,16:00:01,0000000406519948,DEMAND,0000000406519948
I,ROOFTOP,ACTUAL,2,INTERVAL_DATETIME,REGIONID,POWER,QI,TYPE,LASTCHANGED
D,ROOFTOP,ACTUAL,2,"2023/12/22 15:30:00",NSW1,2879.358,1,MEASUREMENT,"2023/12/22 15:49:15"
D,ROOFTOP,ACTUAL,2,"2023/12/22 15:30:00",QLD1,1923.26,1,MEASUREMENT,"2023/12/22 15:49:15"
D,ROOFTOP,ACTUAL,2,"2023/12/22 15:30:00",QLDC,107.846,1,MEASUREMENT,"2023/12/22 15:49:15"
D,ROOFTOP,ACTUAL,2,"2023/12/22 15:30:00",QLDN,287.653,1,MEASUREMENT,"2023/12/22 15:49:15"
D,ROOFTOP,ACTUAL,2,"2023/12/22 15:30:00",QLDS,1527.761,1,MEASUREMENT,"2023/12/22 15:49:15"
D,ROOFTOP,ACTUAL,2,"2023/12/22 15:30:00",SA1,1060.758,1,MEASUREMENT,"2023/12/22 15:49:15"
D,ROOFTOP,ACTUAL,2,"2023/12/22 15:30:00",TAS1,138.374,1,MEASUREMENT,"2023/12/22 15:49:15"
D,ROOFTOP,ACTUAL,2,"2023/12/22 15:30:00",TASN,84.103,1,MEASUREMENT,"2023/12/22 15:49:15"
D,ROOFTOP,ACTUAL,2,"2023/12/22 15:30:00",TASS,54.42,1,MEASUREMENT,"2023/12/22 15:49:15"
D,ROOFTOP,ACTUAL,2,"2023/12/22 15:30:00",VIC1,2312.084,1,MEASUREMENT,"2023/12/22 15:49:15"
C,"END OF REPORT",13
