C,NEMP.WORLD,ROOFTOP_PV_ACTUAL_MEASUREMENT,AEMO,PUBLIC,2023/03/13,13:30:02,0000000382654369,DEMAND,0000000382654369
I,ROOFTOP,ACTUAL,2,INTERVAL_DATETIME,REGIONID,POWER,QI,TYPE,LASTCHANGED
D,ROOFTOP,ACTUAL,2,"2023/03/13 13:00:00",NSW1,1971.397,1,MEASUREMENT,"2023/03/13 13:19:21"
D,ROOFTOP,ACTUAL,2,"2023/03/13 13:00:00",QLD1,2830.899,1,MEASUREMENT,"2023/03/13 13:19:21"
D,ROOFTOP,ACTUAL,2,"2023/03/13 13:00:00",QLDC,123.125,1,MEASUREMENT,"2023/03/13 13:19:21"
D,ROOFTOP,ACTUAL,2,"2023/03/13 13:00:00",QLDN,540.725,1,MEASUREMENT,"2023/03/13 13:19:21"
D,ROOFTOP,ACTUAL,2,"2023/03/13 13:00:00",QLDS,2167.049,1,MEASUREMENT,"2023/03/13 13:19:21"
D,ROOFTOP,ACTUAL,2,"2023/03/13 13:00:00",SA1,1307.143,1,MEASUREMENT,"2023/03/13 13:19:21"
D,ROOFTOP,ACTUAL,2,"2023/03/13 13:00:00",TAS1,129.305,1,MEASUREMENT,"2023/03/13 13:19:21"
D,ROOFTOP,ACTUAL,2,"2023/03/13 13:00:00",TASN,54.496,1,MEASUREMENT,"2023/03/13 13:19:21"
D,ROOFTOP,ACTUAL,2,"2023/03/13 13:00:00",TASS,74.661,1,MEASUREMENT,"2023/03/13 13:19:21"
D,ROOFTOP,ACTUAL,2,"2023/03/13 13:00:00",VIC1,2533.456,1,MEASUREMENT,"2023/03/13 13:19:21"
C,"END OF REPORT",13
