C,NEMP.WORLD,ROOFTOP_PV_ACTUAL_SATELLITE,AEMO,PUBLIC,2023/11/22,14:00:02,0000000403162374,DEMAND,0000000403162373
I,ROOFTOP,ACTUAL,2,INTERVAL_DATETIME,REGIONID,POWER,QI,TYPE,LASTCHANGED
D,ROOFTOP,ACTUAL,2,"2023/11/22 13:30:00",NSW1,2695.354,0.6,SATELLITE,"2023/11/22 13:50:21"
D,ROOFTOP,ACTUAL,2,"2023/11/22 13:30:00",QLD1,1981.512,0.6,SATELLITE,"2023/11/22 13:50:21"
D,ROOFTOP,ACTUAL,2,"2023/11/22 13:30:00",QLDC,200.897,0.6,SATELLITE,"2023/11/22 13:50:21"
D,ROOFTOP,ACTUAL,2,"2023/11/22 13:30:00",QLDN,539.039,0.6,SATELLITE,"2023/11/22 13:50:21"
D,ROOFTOP,ACTUAL,2,"2023/11/22 13:30:00",QLDS,1241.576,0.6,SATELLITE,"2023/11/22 13:50:21"
D,ROOFTOP,ACTUAL,2,"2023/11/22 13:30:00",SA1,1768.069,0.6,SATELLITE,"2023/11/22 13:50:21"
D,ROOFTOP,ACTUAL,2,"2023/11/22 13:30:00",TAS1,189.096,0.6,SATELLITE,"2023/11/22 13:50:21"
D,ROOFTOP,ACTUAL,2,"2023/11/22 13:30:00",TASN,97.576,0.6,SATELLITE,"2023/11/22 13:50:21"
D,ROOFTOP,ACTUAL,2,"2023/11/22 13:30:00",TASS,91.52,0.6,SATELLITE,"2023/11/22 13:50:21"
D,ROOFTOP,ACTUAL,2,"2023/11/22 13:30:00",VIC1,3029.756,0.6,SATELLITE,"2023/11/22 13:50:21"
C,"END OF REPORT",13
