C,NEMP.WORLD,ROOFTOP_PV_ACTUAL_MEASUREMENT,AEMO,PUBLIC,2023/10/26,19:00:02,0000000400696321,DEMAND,0000000400696321
I,ROOFTOP,ACTUAL,2,INTERVAL_DATETIME,REGIONID,POWER,QI,TYPE,LASTCHANGED
D,ROOFTOP,ACTUAL,2,"2023/10/26 18:30:00",NSW1,9.039,1,MEASUREMENT,"2023/10/26 18:49:13"
D,ROOFTOP,ACTUAL,2,"2023/10/26 18:30:00",QLD1,1.532,1,MEASUREMENT,"2023/10/26 18:49:13"
D,ROOFTOP,ACTUAL,2,"2023/10/26 18:30:00",QLDC,0,1,MEASUREMENT,"2023/10/26 18:49:13"
D,ROOFTOP,ACTUAL,2,"2023/10/26 18:30:00",QLDN,1.492,1,MEASUREMENT,"2023/10/26 18:49:13"
D,ROOFTOP,ACTUAL,2,"2023/10/26 18:30:00",QLDS,0.04,1,MEASUREMENT,"2023/10/26 18:49:13"
D,ROOFTOP,ACTUAL,2,"2023/10/26 18:30:00",SA1,163.64,1,MEASUREMENT,"2023/10/26 18:49:13"
D,ROOFTOP,ACTUAL,2,"2023/10/26 18:30:00",TAS1,5.105,1,MEASUREMENT,"2023/10/26 18:49:13"
D,ROOFTOP,ACTUAL,2,"2023/10/26 18:30:00",TASN,2.418,1,MEASUREMENT,"2023/10/26 18:49:13"
D,ROOFTOP,ACTUAL,2,"2023/10/26 18:30:00",TASS,2.684,1,MEASUREMENT,"2023/10/26 18:49:13"
D,ROOFTOP,ACTUAL,2,"2023/10/26 18:30:00",VIC1,87.726,1,MEASUREMENT,"2023/10/26 18:49:13"
C,"END OF REPORT",13
