C,NEMP.WORLD,ROOFTOP_PV_ACTUAL_SATELLITE,AEMO,PUBLIC,2023/09/19,09:30:02,0000000397557476,DEMAND,0000000397557475
I,ROOFTOP,ACTUAL,2,INTERVAL_DATETIME,REGIONID,POWER,QI,TYPE,LASTCHANGED
D,ROOFTOP,ACTUAL,2,"2023/09/19 09:00:00",NSW1,2546.976,0.6,SATELLITE,"2023/09/19 09:20:24"
D,ROOFTOP,ACTUAL,2,"2023/09/19 09:00:00",QLD1,2328.135,0.6,SATELLITE,"2023/09/19 09:20:24"
D,ROOFTOP,ACTUAL,2,"2023/09/19 09:00:00",QLDC,241.69,0.6,SATELLITE,"2023/09/19 09:20:24"
D,ROOFTOP,ACTUAL,2,"2023/09/19 09:00:00",QLDN,335.094,0.6,SATELLITE,"2023/09/19 09:20:24"
D,ROOFTOP,ACTUAL,2,"2023/09/19 09:00:00",QLDS,1751.351,0.6,SATELLITE,"2023/09/19 09:20:24"
D,ROOFTOP,ACTUAL,2,"2023/09/19 09:00:00",SA1,536.492,0.6,SATELLITE,"2023/09/19 09:20:24"
D,ROOFTOP,ACTUAL,2,"2023/09/19 09:00:00",TAS1,72.736,0.6,SATELLITE,"2023/09/19 09:20:24"
D,ROOFTOP,ACTUAL,2,"2023/09/19 09:00:00",TASN,29.911,0.6,SATELLITE,"2023/09/19 09:20:24"
D,ROOFTOP,ACTUAL,2,"2023/09/19 09:00:00",TASS,42.825,0.6,SATELLITE,"2023/09/19 09:20:24"
D,ROOFTOP,ACTUAL,2,"2023/09/19 09:00:00",VIC1,1084.768,0.6,SATELLITE,"2023/09/19 09:20:24"
C,"END OF REPORT",13
