C,NEMP.WORLD,ROOFTOP_PV_ACTUAL_SATELLITE,AEMO,PUBLIC,2023/10/24,12:30:02,0000000400477715,DEMAND,0000000400477714
I,ROOFTOP,ACTUAL,2,INTERVAL_DATETIME,REGIONID,POWER,QI,TYPE,LASTCHANGED
D,ROOFTOP,ACTUAL,2,"2023/10/24 12:00:00",NSW1,4561.888,0.6,SATELLITE,"2023/10/24 12:20:21"
D,ROOFTOP,ACTUAL,2,"2023/10/24 12:00:00",QLD1,4253.322,0.6,SATELLITE,"2023/10/24 12:20:21"
D,ROOFTOP,ACTUAL,2,"2023/10/24 12:00:00",QLDC,407.226,0.6,SATELLITE,"2023/10/24 12:20:21"
D,ROOFTOP,ACTUAL,2,"2023/10/24 12:00:00",QLDN,682.438,0.6,SATELLITE,"2023/10/24 12:20:21"
D,ROOFTOP,ACTUAL,2,"2023/10/24 12:00:00",QLDS,3163.658,0.6,SATELLITE,"2023/10/24 12:20:21"
D,ROOFTOP,ACTUAL,2,"2023/10/24 12:00:00",SA1,1288.27,0.6,SATELLITE,"2023/10/24 12:20:21"
D,ROOFTOP,ACTUAL,2,"2023/10/24 12:00:00",TAS1,96.356,0.6,SATELLITE,"2023/10/24 12:20:21"
D,ROOFTOP,ACTUAL,2,"2023/10/24 12:00:00",TASN,32.259,0.6,SATELLITE,"2023/10/24 12:20:21"
D,ROOFTOP,ACTUAL,2,"2023/10/24 12:00:00",TASS,64.097,0.6,SATELLITE,"2023/10/24 12:20:21"
D,ROOFTOP,ACTUAL,2,"2023/10/24 12:00:00",VIC1,2508.462,0.6,SATELLITE,"2023/10/24 12:20:21"
C,"END OF REPORT",13
