C,NEMP.WORLD,ROOFTOP_PV_ACTUAL_SATELLITE,AEMO,PUBLIC,2023/09/09,18:30:02,0000000396752030,DEMAND,0000000396752029
I,ROOFTOP,ACTUAL,2,INTERVAL_DATETIME,REGIONID,POWER,QI,TYPE,LASTCHANGED
D,ROOFTOP,ACTUAL,2,"2023/09/09 18:00:00",NSW1,11.648,0.6,SATELLITE,"2023/09/09 18:20:24"
D,ROOFTOP,ACTUAL,2,"2023/09/09 18:00:00",QLD1,18.815,0.6,SATELLITE,"2023/09/09 18:20:24"
D,ROOFTOP,ACTUAL,2,"2023/09/09 18:00:00",QLDC,0.967,0.6,SATELLITE,"2023/09/09 18:20:24"
D,ROOFTOP,ACTUAL,2,"2023/09/09 18:00:00",QLDN,17.376,0.6,SATELLITE,"2023/09/09 18:20:24"
D,ROOFTOP,ACTUAL,2,"2023/09/09 18:00:00",QLDS,0.472,0.6,SATELLITE,"2023/09/09 18:20:24"
D,ROOFTOP,ACTUAL,2,"2023/09/09 18:00:00",SA1,129.671,0.6,SATELLITE,"2023/09/09 18:20:24"
D,ROOFTOP,ACTUAL,2,"2023/09/09 18:00:00",TAS1,1.225,0.6,SATELLITE,"2023/09/09 18:20:24"
D,ROOFTOP,ACTUAL,2,"2023/09/09 18:00:00",TASN,0.869,0.6,SATELLITE,"2023/09/09 18:20:24"
D,ROOFTOP,ACTUAL,2,"2023/09/09 18:00:00",TASS,0.356,0.6,SATELLITE,"2023/09/09 18:20:24"
D,ROOFTOP,ACTUAL,2,"2023/09/09 18:00:00",VIC1,48.919,0.6,SATELLITE,"2023/09/09 18:20:24"
C,"END OF REPORT",13
