C,NEMP.WORLD,ROOFTOP_PV_ACTUAL_MEASUREMENT,AEMO,PUBLIC,2024/03/03,12:30:02,0000000412678717,DEMAND,0000000412678717
I,ROOFTOP,ACTUAL,2,INTERVAL_DATETIME,REGIONID,POWER,QI,TYPE,LASTCHANGED
D,ROOFTOP,ACTUAL,2,"2024/03/03 12:00:00",NSW1,3926.405,1,MEASUREMENT,"2024/03/03 12:19:14"
D,ROOFTOP,ACTUAL,2,"2024/03/03 12:00:00",QLD1,2363.17,1,MEASUREMENT,"2024/03/03 12:19:14"
D,ROOFTOP,ACTUAL,2,"2024/03/03 12:00:00",QLDC,244.056,1,MEASUREMENT,"2024/03/03 12:19:14"
D,ROOFTOP,ACTUAL,2,"2024/03/03 12:00:00",QLDN,566.604,1,MEASUREMENT,"2024/03/03 12:19:14"
D,ROOFTOP,ACTUAL,2,"2024/03/03 12:00:00",QLDS,1552.51,1,MEASUREMENT,"2024/03/03 12:19:14"
D,ROOFTOP,ACTUAL,2,"2024/03/03 12:00:00",SA1,1418.085,1,MEASUREMENT,"2024/03/03 12:19:14"
D,ROOFTOP,ACTUAL,2,"2024/03/03 12:00:00",TAS1,182.638,1,MEASUREMENT,"2024/03/03 12:19:14"
D,ROOFTOP,ACTUAL,2,"2024/03/03 12:00:00",TASN,110.111,1,MEASUREMENT,"2024/03/03 12:19:14"
D,ROOFTOP,ACTUAL,2,"2024/03/03 12:00:00",TASS,72.711,1,MEASUREMENT,"2024/03/03 12:19:14"
D,ROOFTOP,ACTUAL,2,"2024/03/03 12:00:00",VIC1,1799.388,1,MEASUREMENT,"2024/03/03 12:19:14"
C,"END OF REPORT",13
