C,NEMP.WORLD,ROOFTOP_PV_ACTUAL_SATELLITE,AEMO,PUBLIC,2024/01/03,20:00:02,0000000407510449,DEMAND,0000000407510448
I,ROOFTOP,ACTUAL,2,INTERVAL_DATETIME,REGIONID,POWER,QI,TYPE,LASTCHANGED
D,ROOFTOP,ACTUAL,2,"2024/01/03 19:30:00",NSW1,2.46,0.6,SATELLITE,"2024/01/03 19:50:24"
D,ROOFTOP,ACTUAL,2,"2024/01/03 19:30:00",QLD1,0,0.6,SATELLITE,"2024/01/03 19:50:24"
D,ROOFTOP,ACTUAL,2,"2024/01/03 19:30:00",QLDC,0,0.6,SATELLITE,"2024/01/03 19:50:24"
D,ROOFTOP,ACTUAL,2,"2024/01/03 19:30:00",QLDN,0,0.6,SATELLITE,"2024/01/03 19:50:24"
D,ROOFTOP,ACTUAL,2,"2024/01/03 19:30:00",QLDS,0,0.6,SATELLITE,"2024/01/03 19:50:24"
D,ROOFTOP,ACTUAL,2,"2024/01/03 19:30:00",SA1,54.836,0.6,SATELLITE,"2024/01/03 19:50:24"
D,ROOFTOP,ACTUAL,2,"2024/01/03 19:30:00",TAS1,2.815,0.6,SATELLITE,"2024/01/03 19:50:24"
D,ROOFTOP,ACTUAL,2,"2024/01/03 19:30:00",TASN,1.955,0.6,SATELLITE,"2024/01/03 19:50:24"
D,ROOFTOP,ACTUAL,2,"2024/01/03 19:30:00",TASS,0.86,0.6,SATELLITE,"2024/01/03 19:50:24"
D,ROOFTOP,ACTUAL,2,"2024/01/03 19:30:00",VIC1,33.626,0.6,SATELLITE,"2024/01/03 19:50:24"
C,"END OF REPORT",13
