C,NEMP.WORLD,ROOFTOP_PV_ACTUAL_MEASUREMENT,AEMO,PUBLIC,2023/12/31,05:30:02,0000000407215262,DEMAND,0000000407215262
I,ROOFTOP,ACTUAL,2,INTERVAL_DATETIME,REGIONID,POWER,QI,TYPE,LASTCHANGED
D,ROOFTOP,ACTUAL,2,"2023/12/31 05:00:00",NSW1,0.209,1,MEASUREMENT,"2023/12/31 05:19:17"
D,ROOFTOP,ACTUAL,2,"2023/12/31 05:00:00",QLD1,0.155,1,MEASUREMENT,"2023/12/31 05:19:17"
D,ROOFTOP,ACTUAL,2,"2023/12/31 05:00:00",QLDC,0,1,MEASUREMENT,"2023/12/31 05:19:17"
D,ROOFTOP,ACTUAL,2,"2023/12/31 05:00:00",QLDN,0,1,MEASUREMENT,"2023/12/31 05:19:17"
D,ROOFTOP,ACTUAL,2,"2023/12/31 05:00:00",QLDS,0.155,1,MEASUREMENT,"2023/12/31 05:19:17"
D,ROOFTOP,ACTUAL,2,"2023/12/31 05:00:00",SA1,0,1,MEASUREMENT,"2023/12/31 05:19:17"
D,ROOFTOP,ACTUAL,2,"2023/12/31 05:00:00",TAS1,0.893,1,MEASUREMENT,"2023/12/31 05:19:18"
D,ROOFTOP,ACTUAL,2,"2023/12/31 05:00:00",TASN,0.216,1,MEASUREMENT,"2023/12/31 05:19:18"
D,ROOFTOP,ACTUAL,2,"2023/12/31 05:00:00",TASS,0.674,1,MEASUREMENT,"2023/12/31 05:19:18"
D,ROOFTOP,ACTUAL,2,"2023/12/31 05:00:00",VIC1,0.027,1,MEASUREMENT,"2023/12/31 05:19:18"
C,"END OF REPORT",13
