C,NEMP.WORLD,ROOFTOP_PV_ACTUAL_MEASUREMENT,AEMO,PUBLIC,2023/11/20,13:30:02,0000000402991398,DEMAND,0000000402991398
I,ROOFTOP,ACTUAL,2,INTERVAL_DATETIME,REGIONID,POWER,QI,TYPE,LASTCHANGED
D,ROOFTOP,ACTUAL,2,"2023/11/20 13:00:00",NSW1,1703.072,1,MEASUREMENT,"2023/11/20 13:19:08"
D,ROOFTOP,ACTUAL,2,"2023/11/20 13:00:00",QLD1,1277.934,1,MEASUREMENT,"2023/11/20 13:19:08"
D,ROOFTOP,ACTUAL,2,"2023/11/20 13:00:00",QLDC,148.382,1,MEASUREMENT,"2023/11/20 13:19:08"
D,ROOFTOP,ACTUAL,2,"2023/11/20 13:00:00",QLDN,581.786,1,MEASUREMENT,"2023/11/20 13:19:08"
D,ROOFTOP,ACTUAL,2,"2023/11/20 13:00:00",QLDS,547.766,1,MEASUREMENT,"2023/11/20 13:19:08"
D,ROOFTOP,ACTUAL,2,"2023/11/20 13:00:00",SA1,1373.719,1,MEASUREMENT,"2023/11/20 13:19:08"
D,ROOFTOP,ACTUAL,2,"2023/11/20 13:00:00",TAS1,177.79,1,MEASUREMENT,"2023/11/20 13:19:08"
D,ROOFTOP,ACTUAL,2,"2023/11/20 13:00:00",TASN,88.461,1,MEASUREMENT,"2023/11/20 13:19:08"
D,ROOFTOP,ACTUAL,2,"2023/11/20 13:00:00",TASS,89.275,1,MEASUREMENT,"2023/11/20 13:19:08"
D,ROOFTOP,ACTUAL,2,"2023/11/20 13:00:00",VIC1,1917.307,1,MEASUREMENT,"2023/11/20 13:19:08"
C,"END OF REPORT",13
