C,NEMP.WORLD,ROOFTOP_PV_ACTUAL_MEASUREMENT,AEMO,PUBLIC,2023/11/14,11:30:02,0000000402347989,DEMAND,0000000402347989
I,ROOFTOP,ACTUAL,2,INTERVAL_DATETIME,REGIONID,POWER,QI,TYPE,LASTCHANGED
D,ROOFTOP,ACTUAL,2,"2023/11/14 11:00:00",NSW1,4023.256,1,MEASUREMENT,"2023/11/14 11:19:10"
D,ROOFTOP,ACTUAL,2,"2023/11/14 11:00:00",QLD1,3351.048,1,MEASUREMENT,"2023/11/14 11:19:10"
D,ROOFTOP,ACTUAL,2,"2023/11/14 11:00:00",QLDC,348.695,1,MEASUREMENT,"2023/11/14 11:19:10"
D,ROOFTOP,ACTUAL,2,"2023/11/14 11:00:00",QLDN,573.374,1,MEASUREMENT,"2023/11/14 11:19:10"
D,ROOFTOP,ACTUAL,2,"2023/11/14 11:00:00",QLDS,2428.98,1,MEASUREMENT,"2023/11/14 11:19:10"
D,ROOFTOP,ACTUAL,2,"2023/11/14 11:00:00",SA1,909.662,1,MEASUREMENT,"2023/11/14 11:19:10"
D,ROOFTOP,ACTUAL,2,"2023/11/14 11:00:00",TAS1,178.953,1,MEASUREMENT,"2023/11/14 11:19:10"
D,ROOFTOP,ACTUAL,2,"2023/11/14 11:00:00",TASN,112.727,1,MEASUREMENT,"2023/11/14 11:19:10"
D,ROOFTOP,ACTUAL,2,"2023/11/14 11:00:00",TASS,66.446,1,MEASUREMENT,"2023/11/14 11:19:10"
D,ROOFTOP,ACTUAL,2,"2023/11/14 11:00:00",VIC1,1035.667,1,MEASUREMENT,"2023/11/14 11:19:10"
C,"END OF REPORT",13
