C,NEMP.WORLD,ROOFTOP_PV_ACTUAL_SATELLITE,AEMO,PUBLIC,2023/11/01,05:30:02,0000000401190002,DEMAND,0000000401190001
I,ROOFTOP,ACTUAL,2,INTERVAL_DATETIME,REGIONID,POWER,QI,TYPE,LASTCHANGED
D,ROOFTOP,ACTUAL,2,"2023/11/01 05:00:00",NSW1,14.284,0.6,SATELLITE,"2023/11/01 05:20:29"
D,ROOFTOP,ACTUAL,2,"2023/11/01 05:00:00",QLD1,9.006,0.6,SATELLITE,"2023/11/01 05:20:29"
D,ROOFTOP,ACTUAL,2,"2023/11/01 05:00:00",QLDC,0.099,0.6,SATELLITE,"2023/11/01 05:20:30"
D,ROOFTOP,ACTUAL,2,"2023/11/01 05:00:00",QLDN,0,0.6,SATELLITE,"2023/11/01 05:20:30"
D,ROOFTOP,ACTUAL,2,"2023/11/01 05:00:00",QLDS,8.907,0.6,SATELLITE,"2023/11/01 05:20:30"
D,ROOFTOP,ACTUAL,2,"2023/11/01 05:00:00",SA1,0,0.6,SATELLITE,"2023/11/01 05:20:30"
D,ROOFTOP,ACTUAL,2,"2023/11/01 05:00:00",TAS1,0.792,0.6,SATELLITE,"2023/11/01 05:20:30"
D,ROOFTOP,ACTUAL,2,"2023/11/01 05:00:00",TASN,0.356,0.6,SATELLITE,"2023/11/01 05:20:30"
D,ROOFTOP,ACTUAL,2,"2023/11/01 05:00:00",TASS,0.436,0.6,SATELLITE,"2023/11/01 05:20:30"
D,ROOFTOP,ACTUAL,2,"2023/11/01 05:00:00",VIC1,0,0.6,SATELLITE,"2023/11/01 05:20:30"
C,"END OF REPORT",13
