C,NEMP.WORLD,ROOFTOP_PV_ACTUAL_SATELLITE,AEMO,PUBLIC,2023/06/21,18:30:02,0000000390132421,DEMAND,0000000390132420
I,ROOFTOP,ACTUAL,2,INTERVAL_DATETIME,REGIONID,POWER,QI,TYPE,LASTCHANGED
D,ROOFTOP,ACTUAL,2,"2023/06/21 18:00:00",NSW1,0,0.6,SATELLITE,"2023/06/21 18:20:25"
D,ROOFTOP,ACTUAL,2,"2023/06/21 18:00:00",QLD1,1.349,0.6,SATELLITE,"2023/06/21 18:20:25"
D,ROOFTOP,ACTUAL,2,"2023/06/21 18:00:00",QLDC,0,0.6,SATELLITE,"2023/06/21 18:20:25"
D,ROOFTOP,ACTUAL,2,"2023/06/21 18:00:00",QLDN,1.349,0.6,SATELLITE,"2023/06/21 18:20:25"
D,ROOFTOP,ACTUAL,2,"2023/06/21 18:00:00",QLDS,0,0.6,SATELLITE,"2023/06/21 18:20:25"
D,ROOFTOP,ACTUAL,2,"2023/06/21 18:00:00",SA1,0.594,0.6,SATELLITE,"2023/06/21 18:20:25"
D,ROOFTOP,ACTUAL,2,"2023/06/21 18:00:00",TAS1,0,0.6,SATELLITE,"2023/06/21 18:20:25"
D,ROOFTOP,ACTUAL,2,"2023/06/21 18:00:00",TASN,0,0.6,SATELLITE,"2023/06/21 18:20:25"
D,ROOFTOP,ACTUAL,2,"2023/06/21 18:00:00",TASS,0,0.6,SATELLITE,"2023/06/21 18:20:25"
D,ROOFTOP,ACTUAL,2,"2023/06/21 18:00:00",VIC1,0,0.6,SATELLITE,"2023/06/21 18:20:25"
C,"END OF REPORT",13
