C,NEMP.WORLD,ROOFTOP_PV_ACTUAL_MEASUREMENT,AEMO,PUBLIC,2024/01/11,20:30:02,0000000408169690,DEMAND,0000000408169690
I,ROOFTOP,ACTUAL,2,INTERVAL_DATETIME,REGIONID,POWER,QI,TYPE,LASTCHANGED
D,ROOFTOP,ACTUAL,2,"2024/01/11 20:00:00",NSW1,0,1,MEASUREMENT,"2024/01/11 20:19:15"
D,ROOFTOP,ACTUAL,2,"2024/01/11 20:00:00",QLD1,0,1,MEASUREMENT,"2024/01/11 20:19:15"
D,ROOFTOP,ACTUAL,2,"2024/01/11 20:00:00",QLDC,0,1,MEASUREMENT,"2024/01/11 20:19:16"
D,ROOFTOP,ACTUAL,2,"2024/01/11 20:00:00",QLDN,0,1,MEASUREMENT,"2024/01/11 20:19:16"
D,ROOFTOP,ACTUAL,2,"2024/01/11 20:00:00",QLDS,0,1,MEASUREMENT,"2024/01/11 20:19:16"
D,ROOFTOP,ACTUAL,2,"2024/01/11 20:00:00",SA1,18.217,1,MEASUREMENT,"2024/01/11 20:19:16"
D,ROOFTOP,ACTUAL,2,"2024/01/11 20:00:00",TAS1,0.313,1,MEASUREMENT,"2024/01/11 20:19:16"
D,ROOFTOP,ACTUAL,2,"2024/01/11 20:00:00",TASN,0.14,1,MEASUREMENT,"2024/01/11 20:19:16"
D,ROOFTOP,ACTUAL,2,"2024/01/11 20:00:00",TASS,0.172,1,MEASUREMENT,"2024/01/11 20:19:16"
D,ROOFTOP,ACTUAL,2,"2024/01/11 20:00:00",VIC1,4.541,1,MEASUREMENT,"2024/01/11 20:19:16"
C,"END OF REPORT",13
