C,NEMP.WORLD,ROOFTOP_PV_ACTUAL_SATELLITE,AEMO,PUBLIC,2024/02/14,20:00:02,0000000411113035,DEMAND,0000000411113034
I,ROOFTOP,ACTUAL,2,INTERVAL_DATETIME,REGIONID,POWER,QI,TYPE,LASTCHANGED
D,ROOFTOP,ACTUAL,2,"2024/02/14 19:30:00",NSW1,0,0.6,SATELLITE,"2024/02/14 19:50:22"
D,ROOFTOP,ACTUAL,2,"2024/02/14 19:30:00",QLD1,0,0.6,SATELLITE,"2024/02/14 19:50:22"
D,ROOFTOP,ACTUAL,2,"2024/02/14 19:30:00",QLDC,0,0.6,SATELLITE,"2024/02/14 19:50:22"
D,ROOFTOP,ACTUAL,2,"2024/02/14 19:30:00",QLDN,0,0.6,SATELLITE,"2024/02/14 19:50:22"
D,ROOFTOP,ACTUAL,2,"2024/02/14 19:30:00",QLDS,0,0.6,SATELLITE,"2024/02/14 19:50:22"
D,ROOFTOP,ACTUAL,2,"2024/02/14 19:30:00",SA1,51.784,0.6,SATELLITE,"2024/02/14 19:50:22"
D,ROOFTOP,ACTUAL,2,"2024/02/14 19:30:00",TAS1,0.723,0.6,SATELLITE,"2024/02/14 19:50:22"
D,ROOFTOP,ACTUAL,2,"2024/02/14 19:30:00",TASN,0.43,0.6,SATELLITE,"2024/02/14 19:50:23"
D,ROOFTOP,ACTUAL,2,"2024/02/14 19:30:00",TASS,0.293,0.6,SATELLITE,"2024/02/14 19:50:23"
D,ROOFTOP,ACTUAL,2,"2024/02/14 19:30:00",VIC1,14.113,0.6,SATELLITE,"2024/02/14 19:50:23"
C,"END OF REPORT",13
