C,NEMP.WORLD,ROOFTOP_PV_ACTUAL_MEASUREMENT,AEMO,PUBLIC,2024/02/17,13:30:01,0000000411347856,DEMAND,0000000411347856
I,ROOFTOP,ACTUAL,2,INTERVAL_DATETIME,REGIONID,POWER,QI,TYPE,LASTCHANGED
D,ROOFTOP,ACTUAL,2,"2024/02/17 13:00:00",NSW1,4025.314,1,MEASUREMENT,"2024/02/17 13:19:13"
D,ROOFTOP,ACTUAL,2,"2024/02/17 13:00:00",QLD1,2943.593,1,MEASUREMENT,"2024/02/17 13:19:13"
D,ROOFTOP,ACTUAL,2,"2024/02/17 13:00:00",QLDC,275.243,1,MEASUREMENT,"2024/02/17 13:19:13"
D,ROOFTOP,ACTUAL,2,"2024/02/17 13:00:00",QLDN,292.363,1,MEASUREMENT,"2024/02/17 13:19:13"
D,ROOFTOP,ACTUAL,2,"2024/02/17 13:00:00",QLDS,2375.987,1,MEASUREMENT,"2024/02/17 13:19:13"
D,ROOFTOP,ACTUAL,2,"2024/02/17 13:00:00",SA1,1500.351,1,MEASUREMENT,"2024/02/17 13:19:13"
D,ROOFTOP,ACTUAL,2,"2024/02/17 13:00:00",TAS1,221.432,1,MEASUREMENT,"2024/02/17 13:19:13"
D,ROOFTOP,ACTUAL,2,"2024/02/17 13:00:00",TASN,116.91,1,MEASUREMENT,"2024/02/17 13:19:13"
D,ROOFTOP,ACTUAL,2,"2024/02/17 13:00:00",TASS,104.539,1,MEASUREMENT,"2024/02/17 13:19:13"
D,ROOFTOP,ACTUAL,2,"2024/02/17 13:00:00",VIC1,2653.073,1,MEASUREMENT,"2024/02/17 13:19:13"
C,"END OF REPORT",13
