C,NEMP.WORLD,ROOFTOP_PV_ACTUAL_MEASUREMENT,AEMO,PUBLIC,2024/02/18,19:30:02,0000000411455429,DEMAND,0000000411455429
I,ROOFTOP,ACTUAL,2,INTERVAL_DATETIME,REGIONID,POWER,QI,TYPE,LASTCHANGED
D,ROOFTOP,ACTUAL,2,"2024/02/18 19:00:00",NSW1,9.848,1,MEASUREMENT,"2024/02/18 19:19:17"
D,ROOFTOP,ACTUAL,2,"2024/02/18 19:00:00",QLD1,0.486,1,MEASUREMENT,"2024/02/18 19:19:18"
D,ROOFTOP,ACTUAL,2,"2024/02/18 19:00:00",QLDC,0,1,MEASUREMENT,"2024/02/18 19:19:18"
D,ROOFTOP,ACTUAL,2,"2024/02/18 19:00:00",QLDN,0.463,1,MEASUREMENT,"2024/02/18 19:19:18"
D,ROOFTOP,ACTUAL,2,"2024/02/18 19:00:00",QLDS,0.023,1,MEASUREMENT,"2024/02/18 19:19:18"
D,ROOFTOP,ACTUAL,2,"2024/02/18 19:00:00",SA1,136.318,1,MEASUREMENT,"2024/02/18 19:19:18"
D,ROOFTOP,ACTUAL,2,"2024/02/18 19:00:00",TAS1,4.256,1,MEASUREMENT,"2024/02/18 19:19:18"
D,ROOFTOP,ACTUAL,2,"2024/02/18 19:00:00",TASN,1.96,1,MEASUREMENT,"2024/02/18 19:19:18"
D,ROOFTOP,ACTUAL,2,"2024/02/18 19:00:00",TASS,2.292,1,MEASUREMENT,"2024/02/18 19:19:18"
D,ROOFTOP,ACTUAL,2,"2024/02/18 19:00:00",VIC1,92.155,1,MEASUREMENT,"2024/02/18 19:19:18"
C,"END OF REPORT",13
