C,NEMP.WORLD,ROOFTOP_PV_ACTUAL_MEASUREMENT,AEMO,PUBLIC,2023/04/24,18:30:03,0000000385651187,DEMAND,0000000385651187
I,ROOFTOP,ACTUAL,2,INTERVAL_DATETIME,REGIONID,POWER,QI,TYPE,LASTCHANGED
D,ROOFTOP,ACTUAL,2,"2023/04/24 18:00:00",NSW1,0,1,MEASUREMENT,"2023/04/24 18:19:22"
D,ROOFTOP,ACTUAL,2,"2023/04/24 18:00:00",QLD1,5.556,1,MEASUREMENT,"2023/04/24 18:19:22"
D,ROOFTOP,ACTUAL,2,"2023/04/24 18:00:00",QLDC,0,1,MEASUREMENT,"2023/04/24 18:19:22"
D,ROOFTOP,ACTUAL,2,"2023/04/24 18:00:00",QLDN,5.556,1,MEASUREMENT,"2023/04/24 18:19:22"
D,ROOFTOP,ACTUAL,2,"2023/04/24 18:00:00",QLDS,0,1,MEASUREMENT,"2023/04/24 18:19:22"
D,ROOFTOP,ACTUAL,2,"2023/04/24 18:00:00",SA1,47.482,1,MEASUREMENT,"2023/04/24 18:19:22"
D,ROOFTOP,ACTUAL,2,"2023/04/24 18:00:00",TAS1,0,1,MEASUREMENT,"2023/04/24 18:19:22"
D,ROOFTOP,ACTUAL,2,"2023/04/24 18:00:00",TASN,0,1,MEASUREMENT,"2023/04/24 18:19:22"
D,ROOFTOP,ACTUAL,2,"2023/04/24 18:00:00",TASS,0,1,MEASUREMENT,"2023/04/24 18:19:22"
D,ROOFTOP,ACTUAL,2,"2023/04/24 18:00:00",VIC1,3.638,1,MEASUREMENT,"2023/04/24 18:19:23"
C,"END OF REPORT",13
