C,NEMP.WORLD,ROOFTOP_PV_ACTUAL_SATELLITE,AEMO,PUBLIC,2023/04/26,18:30:03,0000000385804400,DEMAND,0000000385804399
I,ROOFTOP,ACTUAL,2,INTERVAL_DATETIME,REGIONID,POWER,QI,TYPE,LASTCHANGED
D,ROOFTOP,ACTUAL,2,"2023/04/26 18:00:00",NSW1,0,0.6,SATELLITE,"2023/04/26 18:20:22"
D,ROOFTOP,ACTUAL,2,"2023/04/26 18:00:00",QLD1,5.873,0.6,SATELLITE,"2023/04/26 18:20:22"
D,ROOFTOP,ACTUAL,2,"2023/04/26 18:00:00",QLDC,0,0.6,SATELLITE,"2023/04/26 18:20:22"
D,ROOFTOP,ACTUAL,2,"2023/04/26 18:00:00",QLDN,5.873,0.6,SATELLITE,"2023/04/26 18:20:22"
D,ROOFTOP,ACTUAL,2,"2023/04/26 18:00:00",QLDS,0,0.6,SATELLITE,"2023/04/26 18:20:22"
D,ROOFTOP,ACTUAL,2,"2023/04/26 18:00:00",SA1,36.882,0.6,SATELLITE,"2023/04/26 18:20:22"
D,ROOFTOP,ACTUAL,2,"2023/04/26 18:00:00",TAS1,0,0.6,SATELLITE,"2023/04/26 18:20:22"
D,ROOFTOP,ACTUAL,2,"2023/04/26 18:00:00",TASN,0,0.6,SATELLITE,"2023/04/26 18:20:22"
D,ROOFTOP,ACTUAL,2,"2023/04/26 18:00:00",TASS,0,0.6,SATELLITE,"2023/04/26 18:20:22"
D,ROOFTOP,ACTUAL,2,"2023/04/26 18:00:00",VIC1,0.244,0.6,SATELLITE,"2023/04/26 18:20:23"
C,"END OF REPORT",13
