C,NEMP.WORLD,ROOFTOP_PV_ACTUAL_SATELLITE,AEMO,PUBLIC,2023/04/08,06:30:03,0000000384442291,DEMAND,0000000384442290
I,ROOFTOP,ACTUAL,2,INTERVAL_DATETIME,REGIONID,POWER,QI,TYPE,LASTCHANGED
D,ROOFTOP,ACTUAL,2,"2023/04/08 06:00:00",NSW1,1.046,0.6,SATELLITE,"2023/04/08 06:20:29"
D,ROOFTOP,ACTUAL,2,"2023/04/08 06:00:00",QLD1,9.004,0.6,SATELLITE,"2023/04/08 06:20:29"
D,ROOFTOP,ACTUAL,2,"2023/04/08 06:00:00",QLDC,0.367,0.6,SATELLITE,"2023/04/08 06:20:29"
D,ROOFTOP,ACTUAL,2,"2023/04/08 06:00:00",QLDN,0,0.6,SATELLITE,"2023/04/08 06:20:29"
D,ROOFTOP,ACTUAL,2,"2023/04/08 06:00:00",QLDS,8.637,0.6,SATELLITE,"2023/04/08 06:20:29"
D,ROOFTOP,ACTUAL,2,"2023/04/08 06:00:00",SA1,0,0.6,SATELLITE,"2023/04/08 06:20:29"
D,ROOFTOP,ACTUAL,2,"2023/04/08 06:00:00",TAS1,0,0.6,SATELLITE,"2023/04/08 06:20:29"
D,ROOFTOP,ACTUAL,2,"2023/04/08 06:00:00",TASN,0,0.6,SATELLITE,"2023/04/08 06:20:29"
D,ROOFTOP,ACTUAL,2,"2023/04/08 06:00:00",TASS,0,0.6,SATELLITE,"2023/04/08 06:20:29"
D,ROOFTOP,ACTUAL,2,"2023/04/08 06:00:00",VIC1,0,0.6,SATELLITE,"2023/04/08 06:20:29"
C,"END OF REPORT",13
