C,NEMP.WORLD,ROOFTOP_PV_ACTUAL_MEASUREMENT,AEMO,PUBLIC,2023/06/02,18:00:03,0000000388641477,DEMAND,0000000388641477
I,ROOFTOP,ACTUAL,2,INTERVAL_DATETIME,REGIONID,POWER,QI,TYPE,LASTCHANGED
D,ROOFTOP,ACTUAL,2,"2023/06/02 17:30:00",NSW1,0.057,1,MEASUREMENT,"2023/06/02 17:49:14"
D,ROOFTOP,ACTUAL,2,"2023/06/02 17:30:00",QLD1,21.4,1,MEASUREMENT,"2023/06/02 17:49:14"
D,ROOFTOP,ACTUAL,2,"2023/06/02 17:30:00",QLDC,0.302,1,MEASUREMENT,"2023/06/02 17:49:14"
D,ROOFTOP,ACTUAL,2,"2023/06/02 17:30:00",QLDN,21.052,1,MEASUREMENT,"2023/06/02 17:49:14"
D,ROOFTOP,ACTUAL,2,"2023/06/02 17:30:00",QLDS,0.046,1,MEASUREMENT,"2023/06/02 17:49:14"
D,ROOFTOP,ACTUAL,2,"2023/06/02 17:30:00",SA1,24.236,1,MEASUREMENT,"2023/06/02 17:49:14"
D,ROOFTOP,ACTUAL,2,"2023/06/02 17:30:00",TAS1,0,1,MEASUREMENT,"2023/06/02 17:49:14"
D,ROOFTOP,ACTUAL,2,"2023/06/02 17:30:00",TASN,0,1,MEASUREMENT,"2023/06/02 17:49:14"
D,ROOFTOP,ACTUAL,2,"2023/06/02 17:30:00",TASS,0,1,MEASUREMENT,"2023/06/02 17:49:14"
D,ROOFTOP,ACTUAL,2,"2023/06/02 17:30:00",VIC1,0.302,1,MEASUREMENT,"2023/06/02 17:49:14"
C,"END OF REPORT",13
