C,NEMP.WORLD,ROOFTOP_PV_ACTUAL_SATELLITE,AEMO,PUBLIC,2023/04/26,05:00:03,0000000385757040,DEMAND,0000000385757039
I,ROOFTOP,ACTUAL,2,INTERVAL_DATETIME,REGIONID,POWER,QI,TYPE,LASTCHANGED
D,ROOFTOP,ACTUAL,2,"2023/04/26 04:30:00",NSW1,0,0.6,SATELLITE,"2023/04/26 04:50:28"
D,ROOFTOP,ACTUAL,2,"2023/04/26 04:30:00",QLD1,0,0.6,SATELLITE,"2023/04/26 04:50:28"
D,ROOFTOP,ACTUAL,2,"2023/04/26 04:30:00",QLDC,0,0.6,SATELLITE,"2023/04/26 04:50:28"
D,ROOFTOP,ACTUAL,2,"2023/04/26 04:30:00",QLDN,0,0.6,SATELLITE,"2023/04/26 04:50:28"
D,ROOFTOP,ACTUAL,2,"2023/04/26 04:30:00",QLDS,0,0.6,SATELLITE,"2023/04/26 04:50:28"
D,ROOFTOP,ACTUAL,2,"2023/04/26 04:30:00",SA1,0,0.6,SATELLITE,"2023/04/26 04:50:28"
D,ROOFTOP,ACTUAL,2,"2023/04/26 04:30:00",TAS1,0,0.6,SATELLITE,"2023/04/26 04:50:28"
D,ROOFTOP,ACTUAL,2,"2023/04/26 04:30:00",TASN,0,0.6,SATELLITE,"2023/04/26 04:50:28"
D,ROOFTOP,ACTUAL,2,"2023/04/26 04:30:00",TASS,0,0.6,SATELLITE,"2023/04/26 04:50:28"
D,ROOFTOP,ACTUAL,2,"2023/04/26 04:30:00",VIC1,0,0.6,SATELLITE,"2023/04/26 04:50:28"
C,"END OF REPORT",13
