C,NEMP.WORLD,ROOFTOP_PV_ACTUAL_MEASUREMENT,AEMO,PUBLIC,2023/10/06,19:00:01,0000000398993027,DEMAND,0000000398993027
I,ROOFTOP,ACTUAL,2,INTERVAL_DATETIME,REGIONID,POWER,QI,TYPE,LASTCHANGED
D,ROOFTOP,ACTUAL,2,"2023/10/06 18:30:00",NSW1,0.986,1,MEASUREMENT,"2023/10/06 18:49:17"
D,ROOFTOP,ACTUAL,2,"2023/10/06 18:30:00",QLD1,0.516,1,MEASUREMENT,"2023/10/06 18:49:17"
D,ROOFTOP,ACTUAL,2,"2023/10/06 18:30:00",QLDC,0,1,MEASUREMENT,"2023/10/06 18:49:17"
D,ROOFTOP,ACTUAL,2,"2023/10/06 18:30:00",QLDN,0.516,1,MEASUREMENT,"2023/10/06 18:49:17"
D,ROOFTOP,ACTUAL,2,"2023/10/06 18:30:00",QLDS,0,1,MEASUREMENT,"2023/10/06 18:49:17"
D,ROOFTOP,ACTUAL,2,"2023/10/06 18:30:00",SA1,87.906,1,MEASUREMENT,"2023/10/06 18:49:17"
D,ROOFTOP,ACTUAL,2,"2023/10/06 18:30:00",TAS1,0.94,1,MEASUREMENT,"2023/10/06 18:49:17"
D,ROOFTOP,ACTUAL,2,"2023/10/06 18:30:00",TASN,0.435,1,MEASUREMENT,"2023/10/06 18:49:17"
D,ROOFTOP,ACTUAL,2,"2023/10/06 18:30:00",TASS,0.505,1,MEASUREMENT,"2023/10/06 18:49:17"
D,ROOFTOP,ACTUAL,2,"2023/10/06 18:30:00",VIC1,27.343,1,MEASUREMENT,"2023/10/06 18:49:17"
C,"END OF REPORT",13
