C,NEMP.WORLD,ROOFTOP_PV_ACTUAL_SATELLITE,AEMO,PUBLIC,2023/12/15,05:30:01,0000000405628519,DEMAND,0000000405628518
I,ROOFTOP,ACTUAL,2,INTERVAL_DATETIME,REGIONID,POWER,QI,TYPE,LASTCHANGED
D,ROOFTOP,ACTUAL,2,"2023/12/15 05:00:00",NSW1,55.617,0.6,SATELLITE,"2023/12/15 05:20:25"
D,ROOFTOP,ACTUAL,2,"2023/12/15 05:00:00",QLD1,10.339,0.6,SATELLITE,"2023/12/15 05:20:25"
D,ROOFTOP,ACTUAL,2,"2023/12/15 05:00:00",QLDC,0.449,0.6,SATELLITE,"2023/12/15 05:20:25"
D,ROOFTOP,ACTUAL,2,"2023/12/15 05:00:00",QLDN,0,0.6,SATELLITE,"2023/12/15 05:20:25"
D,ROOFTOP,ACTUAL,2,"2023/12/15 05:00:00",QLDS,9.89,0.6,SATELLITE,"2023/12/15 05:20:25"
D,ROOFTOP,ACTUAL,2,"2023/12/15 05:00:00",SA1,0,0.6,SATELLITE,"2023/12/15 05:20:25"
D,ROOFTOP,ACTUAL,2,"2023/12/15 05:00:00",TAS1,5.087,0.6,SATELLITE,"2023/12/15 05:20:25"
D,ROOFTOP,ACTUAL,2,"2023/12/15 05:00:00",TASN,2.218,0.6,SATELLITE,"2023/12/15 05:20:25"
D,ROOFTOP,ACTUAL,2,"2023/12/15 05:00:00",TASS,2.869,0.6,SATELLITE,"2023/12/15 05:20:25"
D,ROOFTOP,ACTUAL,2,"2023/12/15 05:00:00",VIC1,22.127,0.6,SATELLITE,"2023/12/15 05:20:25"
C,"END OF REPORT",13
