C,NEMP.WORLD,ROOFTOP_PV_ACTUAL_SATELLITE,AEMO,PUBLIC,2023/06/25,07:30:01,0000000390412405,DEMAND,0000000390412404
I,ROOFTOP,ACTUAL,2,INTERVAL_DATETIME,REGIONID,POWER,QI,TYPE,LASTCHANGED
D,ROOFTOP,ACTUAL,2,"2023/06/25 07:00:00",NSW1,15.976,0.6,SATELLITE,"2023/06/25 07:20:25"
D,ROOFTOP,ACTUAL,2,"2023/06/25 07:00:00",QLD1,84.694,0.6,SATELLITE,"2023/06/25 07:20:25"
D,ROOFTOP,ACTUAL,2,"2023/06/25 07:00:00",QLDC,4.33,0.6,SATELLITE,"2023/06/25 07:20:25"
D,ROOFTOP,ACTUAL,2,"2023/06/25 07:00:00",QLDN,7.031,0.6,SATELLITE,"2023/06/25 07:20:25"
D,ROOFTOP,ACTUAL,2,"2023/06/25 07:00:00",QLDS,73.332,0.6,SATELLITE,"2023/06/25 07:20:25"
D,ROOFTOP,ACTUAL,2,"2023/06/25 07:00:00",SA1,0,0.6,SATELLITE,"2023/06/25 07:20:25"
D,ROOFTOP,ACTUAL,2,"2023/06/25 07:00:00",TAS1,0,0.6,SATELLITE,"2023/06/25 07:20:25"
D,ROOFTOP,ACTUAL,2,"2023/06/25 07:00:00",TASN,0,0.6,SATELLITE,"2023/06/25 07:20:25"
D,ROOFTOP,ACTUAL,2,"2023/06/25 07:00:00",TASS,0,0.6,SATELLITE,"2023/06/25 07:20:25"
D,ROOFTOP,ACTUAL,2,"2023/06/25 07:00:00",VIC1,0,0.6,SATELLITE,"2023/06/25 07:20:25"
C,"END OF REPORT",13
