C,NEMP.WORLD,ROOFTOP_PV_ACTUAL_MEASUREMENT,AEMO,PUBLIC,2023/06/13,07:30:01,0000000389460323,DEMAND,0000000389460323
I,ROOFTOP,ACTUAL,2,INTERVAL_DATETIME,REGIONID,POWER,QI,TYPE,LASTCHANGED
D,ROOFTOP,ACTUAL,2,"2023/06/13 07:00:00",NSW1,1.376,1,MEASUREMENT,"2023/06/13 07:19:09"
D,ROOFTOP,ACTUAL,2,"2023/06/13 07:00:00",QLD1,12.58,0.7,MEASUREMENT,"2023/06/13 07:19:09"
D,ROOFTOP,ACTUAL,2,"2023/06/13 07:00:00",QLDC,1.426,0.7,MEASUREMENT,"2023/06/13 07:19:09"
D,ROOFTOP,ACTUAL,2,"2023/06/13 07:00:00",QLDN,0.915,1,MEASUREMENT,"2023/06/13 07:19:09"
D,ROOFTOP,ACTUAL,2,"2023/06/13 07:00:00",QLDS,10.24,0.7,MEASUREMENT,"2023/06/13 07:19:09"
D,ROOFTOP,ACTUAL,2,"2023/06/13 07:00:00",SA1,0,1,MEASUREMENT,"2023/06/13 07:19:09"
D,ROOFTOP,ACTUAL,2,"2023/06/13 07:00:00",TAS1,0,1,MEASUREMENT,"2023/06/13 07:19:09"
D,ROOFTOP,ACTUAL,2,"2023/06/13 07:00:00",TASN,0,1,MEASUREMENT,"2023/06/13 07:19:09"
D,ROOFTOP,ACTUAL,2,"2023/06/13 07:00:00",TASS,0,1,MEASUREMENT,"2023/06/13 07:19:09"
D,ROOFTOP,ACTUAL,2,"2023/06/13 07:00:00",VIC1,0,1,MEASUREMENT,"2023/06/13 07:19:09"
C,"END OF REPORT",13
