C,NEMP.WORLD,ROOFTOP_PV_ACTUAL_MEASUREMENT,AEMO,PUBLIC,2024/01/14,09:30:02,0000000408378305,DEMAND,0000000408378305
I,ROOFTOP,ACTUAL,2,INTERVAL_DATETIME,REGIONID,POWER,QI,TYPE,LASTCHANGED
D,ROOFTOP,ACTUAL,2,"2024/01/14 09:00:00",NSW1,1812.639,1,MEASUREMENT,"2024/01/14 09:19:14"
D,ROOFTOP,ACTUAL,2,"2024/01/14 09:00:00",QLD1,2621.936,1,MEASUREMENT,"2024/01/14 09:19:14"
D,ROOFTOP,ACTUAL,2,"2024/01/14 09:00:00",QLDC,182.435,1,MEASUREMENT,"2024/01/14 09:19:15"
D,ROOFTOP,ACTUAL,2,"2024/01/14 09:00:00",QLDN,234.477,1,MEASUREMENT,"2024/01/14 09:19:16"
D,ROOFTOP,ACTUAL,2,"2024/01/14 09:00:00",QLDS,2205.025,1,MEASUREMENT,"2024/01/14 09:19:16"
D,ROOFTOP,ACTUAL,2,"2024/01/14 09:00:00",SA1,756.77,1,MEASUREMENT,"2024/01/14 09:19:16"
D,ROOFTOP,ACTUAL,2,"2024/01/14 09:00:00",TAS1,155.135,1,MEASUREMENT,"2024/01/14 09:19:16"
D,ROOFTOP,ACTUAL,2,"2024/01/14 09:00:00",TASN,75.713,1,MEASUREMENT,"2024/01/14 09:19:16"
D,ROOFTOP,ACTUAL,2,"2024/01/14 09:00:00",TASS,79.352,0.7,MEASUREMENT,"2024/01/14 09:19:16"
D,ROOFTOP,ACTUAL,2,"2024/01/14 09:00:00",VIC1,1649.338,1,MEASUREMENT,"2024/01/14 09:19:16"
C,"END OF REPORT",13
