C,NEMP.WORLD,ROOFTOP_PV_ACTUAL_MEASUREMENT,AEMO,PUBLIC,2023/10/25,14:30:02,0000000400581410,DEMAND,0000000400581410
I,ROOFTOP,ACTUAL,2,INTERVAL_DATETIME,REGIONID,POWER,QI,TYPE,LASTCHANGED
D,ROOFTOP,ACTUAL,2,"2023/10/25 14:00:00",NSW1,3560.848,1,MEASUREMENT,"2023/10/25 14:19:07"
D,ROOFTOP,ACTUAL,2,"2023/10/25 14:00:00",QLD1,3343.851,1,MEASUREMENT,"2023/10/25 14:19:07"
D,ROOFTOP,ACTUAL,2,"2023/10/25 14:00:00",QLDC,289.164,1,MEASUREMENT,"2023/10/25 14:19:07"
D,ROOFTOP,ACTUAL,2,"2023/10/25 14:00:00",QLDN,582.678,1,MEASUREMENT,"2023/10/25 14:19:07"
D,ROOFTOP,ACTUAL,2,"2023/10/25 14:00:00",QLDS,2472.01,1,MEASUREMENT,"2023/10/25 14:19:07"
D,ROOFTOP,ACTUAL,2,"2023/10/25 14:00:00",SA1,1363.71,1,MEASUREMENT,"2023/10/25 14:19:07"
D,ROOFTOP,ACTUAL,2,"2023/10/25 14:00:00",TAS1,106.219,1,MEASUREMENT,"2023/10/25 14:19:07"
D,ROOFTOP,ACTUAL,2,"2023/10/25 14:00:00",TASN,73.459,1,MEASUREMENT,"2023/10/25 14:19:07"
D,ROOFTOP,ACTUAL,2,"2023/10/25 14:00:00",TASS,32.961,1,MEASUREMENT,"2023/10/25 14:19:07"
D,ROOFTOP,ACTUAL,2,"2023/10/25 14:00:00",VIC1,2133.267,1,MEASUREMENT,"2023/10/25 14:19:07"
C,"END OF REPORT",13
