C,NEMP.WORLD,ROOFTOP_PV_ACTUAL_SATELLITE,AEMO,PUBLIC,2023/12/29,20:30:02,0000000407103887,DEMAND,0000000407103886
I,ROOFTOP,ACTUAL,2,INTERVAL_DATETIME,REGIONID,POWER,QI,TYPE,LASTCHANGED
D,ROOFTOP,ACTUAL,2,"2023/12/29 20:00:00",NSW1,0,0.6,SATELLITE,"2023/12/29 20:20:21"
D,ROOFTOP,ACTUAL,2,"2023/12/29 20:00:00",QLD1,0,0.6,SATELLITE,"2023/12/29 20:20:21"
D,ROOFTOP,ACTUAL,2,"2023/12/29 20:00:00",QLDC,0,0.6,SATELLITE,"2023/12/29 20:20:21"
D,ROOFTOP,ACTUAL,2,"2023/12/29 20:00:00",QLDN,0,0.6,SATELLITE,"2023/12/29 20:20:21"
D,ROOFTOP,ACTUAL,2,"2023/12/29 20:00:00",QLDS,0,0.6,SATELLITE,"2023/12/29 20:20:21"
D,ROOFTOP,ACTUAL,2,"2023/12/29 20:00:00",SA1,21.906,0.6,SATELLITE,"2023/12/29 20:20:22"
D,ROOFTOP,ACTUAL,2,"2023/12/29 20:00:00",TAS1,0.273,0.6,SATELLITE,"2023/12/29 20:20:22"
D,ROOFTOP,ACTUAL,2,"2023/12/29 20:00:00",TASN,0.181,0.6,SATELLITE,"2023/12/29 20:20:22"
D,ROOFTOP,ACTUAL,2,"2023/12/29 20:00:00",TASS,0.092,0.6,SATELLITE,"2023/12/29 20:20:22"
D,ROOFTOP,ACTUAL,2,"2023/12/29 20:00:00",VIC1,4.373,0.6,SATELLITE,"2023/12/29 20:20:22"
C,"END OF REPORT",13
