C,NEMP.WORLD,ROOFTOP_PV_ACTUAL_SATELLITE,AEMO,PUBLIC,2023/06/06,18:00:01,0000000388946613,DEMAND,0000000388946612
I,ROOFTOP,ACTUAL,2,INTERVAL_DATETIME,REGIONID,POWER,QI,TYPE,LASTCHANGED
D,ROOFTOP,ACTUAL,2,"2023/06/06 17:30:00",NSW1,0.102,0.6,SATELLITE,"2023/06/06 17:50:24"
D,ROOFTOP,ACTUAL,2,"2023/06/06 17:30:00",QLD1,17.767,0.6,SATELLITE,"2023/06/06 17:50:24"
D,ROOFTOP,ACTUAL,2,"2023/06/06 17:30:00",QLDC,0.15,0.6,SATELLITE,"2023/06/06 17:50:24"
D,ROOFTOP,ACTUAL,2,"2023/06/06 17:30:00",QLDN,17.462,0.6,SATELLITE,"2023/06/06 17:50:24"
D,ROOFTOP,ACTUAL,2,"2023/06/06 17:30:00",QLDS,0.156,0.6,SATELLITE,"2023/06/06 17:50:24"
D,ROOFTOP,ACTUAL,2,"2023/06/06 17:30:00",SA1,39.43,0.6,SATELLITE,"2023/06/06 17:50:24"
D,ROOFTOP,ACTUAL,2,"2023/06/06 17:30:00",TAS1,0,0.6,SATELLITE,"2023/06/06 17:50:24"
D,ROOFTOP,ACTUAL,2,"2023/06/06 17:30:00",TASN,0,0.6,SATELLITE,"2023/06/06 17:50:24"
D,ROOFTOP,ACTUAL,2,"2023/06/06 17:30:00",TASS,0,0.6,SATELLITE,"2023/06/06 17:50:24"
D,ROOFTOP,ACTUAL,2,"2023/06/06 17:30:00",VIC1,0.853,0.6,SATELLITE,"2023/06/06 17:50:24"
C,"END OF REPORT",13
