C,NEMP.WORLD,ROOFTOP_PV_ACTUAL_MEASUREMENT,AEMO,PUBLIC,2023/12/31,11:30:02,0000000407234888,DEMAND,0000000407234888
I,ROOFTOP,ACTUAL,2,INTERVAL_DATETIME,REGIONID,POWER,QI,TYPE,LASTCHANGED
D,ROOFTOP,ACTUAL,2,"2023/12/31 11:00:00",NSW1,1767.222,1,MEASUREMENT,"2023/12/31 11:19:09"
D,ROOFTOP,ACTUAL,2,"2023/12/31 11:00:00",QLD1,3298.282,1,MEASUREMENT,"2023/12/31 11:19:09"
D,ROOFTOP,ACTUAL,2,"2023/12/31 11:00:00",QLDC,239.334,1,MEASUREMENT,"2023/12/31 11:19:09"
D,ROOFTOP,ACTUAL,2,"2023/12/31 11:00:00",QLDN,466.89,1,MEASUREMENT,"2023/12/31 11:19:09"
D,ROOFTOP,ACTUAL,2,"2023/12/31 11:00:00",QLDS,2592.058,1,MEASUREMENT,"2023/12/31 11:19:09"
D,ROOFTOP,ACTUAL,2,"2023/12/31 11:00:00",SA1,1423.04,1,MEASUREMENT,"2023/12/31 11:19:09"
D,ROOFTOP,ACTUAL,2,"2023/12/31 11:00:00",TAS1,202.376,1,MEASUREMENT,"2023/12/31 11:19:09"
D,ROOFTOP,ACTUAL,2,"2023/12/31 11:00:00",TASN,109.135,1,MEASUREMENT,"2023/12/31 11:19:09"
D,ROOFTOP,ACTUAL,2,"2023/12/31 11:00:00",TASS,93.282,1,MEASUREMENT,"2023/12/31 11:19:09"
D,ROOFTOP,ACTUAL,2,"2023/12/31 11:00:00",VIC1,2902.623,1,MEASUREMENT,"2023/12/31 11:19:09"
C,"END OF REPORT",13
