C,NEMP.WORLD,ROOFTOP_PV_ACTUAL_MEASUREMENT,AEMO,PUBLIC,2024/02/07,06:30:01,0000000410447863,DEMAND,0000000410447863
I,ROOFTOP,ACTUAL,2,INTERVAL_DATETIME,REGIONID,POWER,QI,TYPE,LASTCHANGED
D,ROOFTOP,ACTUAL,2,"2024/02/07 06:00:00",NSW1,51.815,1,MEASUREMENT,"2024/02/07 06:19:15"
D,ROOFTOP,ACTUAL,2,"2024/02/07 06:00:00",QLD1,35.649,1,MEASUREMENT,"2024/02/07 06:19:15"
D,ROOFTOP,ACTUAL,2,"2024/02/07 06:00:00",QLDC,1.879,1,MEASUREMENT,"2024/02/07 06:19:15"
D,ROOFTOP,ACTUAL,2,"2024/02/07 06:00:00",QLDN,0.15,1,MEASUREMENT,"2024/02/07 06:19:15"
D,ROOFTOP,ACTUAL,2,"2024/02/07 06:00:00",QLDS,33.619,1,MEASUREMENT,"2024/02/07 06:19:15"
D,ROOFTOP,ACTUAL,2,"2024/02/07 06:00:00",SA1,0,1,MEASUREMENT,"2024/02/07 06:19:15"
D,ROOFTOP,ACTUAL,2,"2024/02/07 06:00:00",TAS1,4.338,1,MEASUREMENT,"2024/02/07 06:19:15"
D,ROOFTOP,ACTUAL,2,"2024/02/07 06:00:00",TASN,1.276,1,MEASUREMENT,"2024/02/07 06:19:15"
D,ROOFTOP,ACTUAL,2,"2024/02/07 06:00:00",TASS,3.049,1,MEASUREMENT,"2024/02/07 06:19:15"
D,ROOFTOP,ACTUAL,2,"2024/02/07 06:00:00",VIC1,12.15,1,MEASUREMENT,"2024/02/07 06:19:15"
C,"END OF REPORT",13
