C,NEMP.WORLD,ROOFTOP_PV_ACTUAL_MEASUREMENT,AEMO,PUBLIC,2024/02/03,06:00:01,0000000410105340,DEMAND,0000000410105340
I,ROOFTOP,ACTUAL,2,INTERVAL_DATETIME,REGIONID,POWER,QI,TYPE,LASTCHANGED
D,ROOFTOP,ACTUAL,2,"2024/02/03 05:30:00",NSW1,1.121,1,MEASUREMENT,"2024/02/03 05:49:11"
D,ROOFTOP,ACTUAL,2,"2024/02/03 05:30:00",QLD1,0.972,1,MEASUREMENT,"2024/02/03 05:49:11"
D,ROOFTOP,ACTUAL,2,"2024/02/03 05:30:00",QLDC,0,1,MEASUREMENT,"2024/02/03 05:49:12"
D,ROOFTOP,ACTUAL,2,"2024/02/03 05:30:00",QLDN,0,1,MEASUREMENT,"2024/02/03 05:49:12"
D,ROOFTOP,ACTUAL,2,"2024/02/03 05:30:00",QLDS,0.972,1,MEASUREMENT,"2024/02/03 05:49:12"
D,ROOFTOP,ACTUAL,2,"2024/02/03 05:30:00",SA1,0,1,MEASUREMENT,"2024/02/03 05:49:12"
D,ROOFTOP,ACTUAL,2,"2024/02/03 05:30:00",TAS1,0.292,1,MEASUREMENT,"2024/02/03 05:49:12"
D,ROOFTOP,ACTUAL,2,"2024/02/03 05:30:00",TASN,0.048,1,MEASUREMENT,"2024/02/03 05:49:12"
D,ROOFTOP,ACTUAL,2,"2024/02/03 05:30:00",TASS,0.243,1,MEASUREMENT,"2024/02/03 05:49:12"
D,ROOFTOP,ACTUAL,2,"2024/02/03 05:30:00",VIC1,0,1,MEASUREMENT,"2024/02/03 05:49:12"
C,"END OF REPORT",13
