C,NEMP.WORLD,ROOFTOP_PV_ACTUAL_MEASUREMENT,AEMO,PUBLIC,2023/07/16,07:30:02,0000000392123878,DEMAND,0000000392123878
I,ROOFTOP,ACTUAL,2,INTERVAL_DATETIME,REGIONID,POWER,QI,TYPE,LASTCHANGED
D,ROOFTOP,ACTUAL,2,"2023/07/16 07:00:00",NSW1,1.643,1,MEASUREMENT,"2023/07/16 07:19:20"
D,ROOFTOP,ACTUAL,2,"2023/07/16 07:00:00",QLD1,26.455,1,MEASUREMENT,"2023/07/16 07:19:20"
D,ROOFTOP,ACTUAL,2,"2023/07/16 07:00:00",QLDC,1.563,1,MEASUREMENT,"2023/07/16 07:19:20"
D,ROOFTOP,ACTUAL,2,"2023/07/16 07:00:00",QLDN,1.017,1,MEASUREMENT,"2023/07/16 07:19:20"
D,ROOFTOP,ACTUAL,2,"2023/07/16 07:00:00",QLDS,23.875,1,MEASUREMENT,"2023/07/16 07:19:20"
D,ROOFTOP,ACTUAL,2,"2023/07/16 07:00:00",SA1,0,1,MEASUREMENT,"2023/07/16 07:19:20"
D,ROOFTOP,ACTUAL,2,"2023/07/16 07:00:00",TAS1,0,1,MEASUREMENT,"2023/07/16 07:19:20"
D,ROOFTOP,ACTUAL,2,"2023/07/16 07:00:00",TASN,0,1,MEASUREMENT,"2023/07/16 07:19:20"
D,ROOFTOP,ACTUAL,2,"2023/07/16 07:00:00",TASS,0,1,MEASUREMENT,"2023/07/16 07:19:20"
D,ROOFTOP,ACTUAL,2,"2023/07/16 07:00:00",VIC1,0,1,MEASUREMENT,"2023/07/16 07:19:20"
C,"END OF REPORT",13
