C,NEMP.WORLD,ROOFTOP_PV_ACTUAL_SATELLITE,AEMO,PUBLIC,2023/06/05,12:30:03,0000000388848234,DEMAND,0000000388848233
I,ROOFTOP,ACTUAL,2,INTERVAL_DATETIME,REGIONID,POWER,QI,TYPE,LASTCHANGED
D,ROOFTOP,ACTUAL,2,"2023/06/05 12:00:00",NSW1,1128.413,0.6,SATELLITE,"2023/06/05 12:20:26"
D,ROOFTOP,ACTUAL,2,"2023/06/05 12:00:00",QLD1,1411.762,0.6,SATELLITE,"2023/06/05 12:20:26"
D,ROOFTOP,ACTUAL,2,"2023/06/05 12:00:00",QLDC,186.555,0.6,SATELLITE,"2023/06/05 12:20:26"
D,ROOFTOP,ACTUAL,2,"2023/06/05 12:00:00",QLDN,276.472,0.6,SATELLITE,"2023/06/05 12:20:26"
D,ROOFTOP,ACTUAL,2,"2023/06/05 12:00:00",QLDS,948.735,0.6,SATELLITE,"2023/06/05 12:20:26"
D,ROOFTOP,ACTUAL,2,"2023/06/05 12:00:00",SA1,404.606,0.6,SATELLITE,"2023/06/05 12:20:26"
D,ROOFTOP,ACTUAL,2,"2023/06/05 12:00:00",TAS1,50.598,0.6,SATELLITE,"2023/06/05 12:20:26"
D,ROOFTOP,ACTUAL,2,"2023/06/05 12:00:00",TASN,17.436,0.6,SATELLITE,"2023/06/05 12:20:26"
D,ROOFTOP,ACTUAL,2,"2023/06/05 12:00:00",TASS,33.162,0.6,SATELLITE,"2023/06/05 12:20:26"
D,ROOFTOP,ACTUAL,2,"2023/06/05 12:00:00",VIC1,1153.154,0.6,SATELLITE,"2023/06/05 12:20:26"
C,"END OF REPORT",13
