C,NEMP.WORLD,ROOFTOP_PV_ACTUAL_MEASUREMENT,AEMO,PUBLIC,2023/03/05,19:30:02,0000000382106742,DEMAND,0000000382106742
I,ROOFTOP,ACTUAL,2,INTERVAL_DATETIME,REGIONID,POWER,QI,TYPE,LASTCHANGED
D,ROOFTOP,ACTUAL,2,"2023/03/05 19:00:00",NSW1,0.482,1,MEASUREMENT,"2023/03/05 19:19:20"
D,ROOFTOP,ACTUAL,2,"2023/03/05 19:00:00",QLD1,0.019,1,MEASUREMENT,"2023/03/05 19:19:21"
D,ROOFTOP,ACTUAL,2,"2023/03/05 19:00:00",QLDC,0,1,MEASUREMENT,"2023/03/05 19:19:21"
D,ROOFTOP,ACTUAL,2,"2023/03/05 19:00:00",QLDN,0.019,1,MEASUREMENT,"2023/03/05 19:19:21"
D,ROOFTOP,ACTUAL,2,"2023/03/05 19:00:00",QLDS,0,1,MEASUREMENT,"2023/03/05 19:19:21"
D,ROOFTOP,ACTUAL,2,"2023/03/05 19:00:00",SA1,76.318,1,MEASUREMENT,"2023/03/05 19:19:21"
D,ROOFTOP,ACTUAL,2,"2023/03/05 19:00:00",TAS1,0.648,1,MEASUREMENT,"2023/03/05 19:19:21"
D,ROOFTOP,ACTUAL,2,"2023/03/05 19:00:00",TASN,0.085,1,MEASUREMENT,"2023/03/05 19:19:21"
D,ROOFTOP,ACTUAL,2,"2023/03/05 19:00:00",TASS,0.56,1,MEASUREMENT,"2023/03/05 19:19:21"
D,ROOFTOP,ACTUAL,2,"2023/03/05 19:00:00",VIC1,0.957,1,MEASUREMENT,"2023/03/05 19:19:22"
C,"END OF REPORT",13
