C,NEMP.WORLD,ROOFTOP_PV_ACTUAL_MEASUREMENT,AEMO,PUBLIC,2023/05/13,07:30:03,0000000387059194,DEMAND,0000000387059194
I,ROOFTOP,ACTUAL,2,INTERVAL_DATETIME,REGIONID,POWER,QI,TYPE,LASTCHANGED
D,ROOFTOP,ACTUAL,2,"2023/05/13 07:00:00",NSW1,20.289,1,MEASUREMENT,"2023/05/13 07:19:21"
D,ROOFTOP,ACTUAL,2,"2023/05/13 07:00:00",QLD1,88.336,1,MEASUREMENT,"2023/05/13 07:19:21"
D,ROOFTOP,ACTUAL,2,"2023/05/13 07:00:00",QLDC,9.273,1,MEASUREMENT,"2023/05/13 07:19:21"
D,ROOFTOP,ACTUAL,2,"2023/05/13 07:00:00",QLDN,5.447,1,MEASUREMENT,"2023/05/13 07:19:21"
D,ROOFTOP,ACTUAL,2,"2023/05/13 07:00:00",QLDS,73.615,1,MEASUREMENT,"2023/05/13 07:19:21"
D,ROOFTOP,ACTUAL,2,"2023/05/13 07:00:00",SA1,0,1,MEASUREMENT,"2023/05/13 07:19:21"
D,ROOFTOP,ACTUAL,2,"2023/05/13 07:00:00",TAS1,0,1,MEASUREMENT,"2023/05/13 07:19:21"
D,ROOFTOP,ACTUAL,2,"2023/05/13 07:00:00",TASN,0,1,MEASUREMENT,"2023/05/13 07:19:21"
D,ROOFTOP,ACTUAL,2,"2023/05/13 07:00:00",TASS,0,1,MEASUREMENT,"2023/05/13 07:19:21"
D,ROOFTOP,ACTUAL,2,"2023/05/13 07:00:00",VIC1,0,1,MEASUREMENT,"2023/05/13 07:19:21"
C,"END OF REPORT",13
