C,NEMP.WORLD,ROOFTOP_PV_ACTUAL_MEASUREMENT,AEMO,PUBLIC,2023/03/02,06:30:02,0000000381869223,DEMAND,0000000381869223
I,ROOFTOP,ACTUAL,2,INTERVAL_DATETIME,REGIONID,POWER,QI,TYPE,LASTCHANGED
D,ROOFTOP,ACTUAL,2,"2023/03/02 06:00:00",NSW1,7.187,1,MEASUREMENT,"2023/03/02 06:19:19"
D,ROOFTOP,ACTUAL,2,"2023/03/02 06:00:00",QLD1,4.238,1,MEASUREMENT,"2023/03/02 06:19:19"
D,ROOFTOP,ACTUAL,2,"2023/03/02 06:00:00",QLDC,0.875,1,MEASUREMENT,"2023/03/02 06:19:19"
D,ROOFTOP,ACTUAL,2,"2023/03/02 06:00:00",QLDN,0,1,MEASUREMENT,"2023/03/02 06:19:19"
D,ROOFTOP,ACTUAL,2,"2023/03/02 06:00:00",QLDS,3.363,1,MEASUREMENT,"2023/03/02 06:19:19"
D,ROOFTOP,ACTUAL,2,"2023/03/02 06:00:00",SA1,0,1,MEASUREMENT,"2023/03/02 06:19:19"
D,ROOFTOP,ACTUAL,2,"2023/03/02 06:00:00",TAS1,0.097,1,MEASUREMENT,"2023/03/02 06:19:19"
D,ROOFTOP,ACTUAL,2,"2023/03/02 06:00:00",TASN,0.013,1,MEASUREMENT,"2023/03/02 06:19:19"
D,ROOFTOP,ACTUAL,2,"2023/03/02 06:00:00",TASS,0.083,1,MEASUREMENT,"2023/03/02 06:19:19"
D,ROOFTOP,ACTUAL,2,"2023/03/02 06:00:00",VIC1,0,1,MEASUREMENT,"2023/03/02 06:19:19"
C,"END OF REPORT",13
