C,NEMP.WORLD,ROOFTOP_PV_ACTUAL_SATELLITE,AEMO,PUBLIC,2023/10/02,19:00:01,0000000398658637,DEMAND,0000000398658636
I,ROOFTOP,ACTUAL,2,INTERVAL_DATETIME,REGIONID,POWER,QI,TYPE,LASTCHANGED
D,ROOFTOP,ACTUAL,2,"2023/10/02 18:30:00",NSW1,0.278,0.6,SATELLITE,"2023/10/02 18:50:20"
D,ROOFTOP,ACTUAL,2,"2023/10/02 18:30:00",QLD1,0.928,0.6,SATELLITE,"2023/10/02 18:50:20"
D,ROOFTOP,ACTUAL,2,"2023/10/02 18:30:00",QLDC,0,0.6,SATELLITE,"2023/10/02 18:50:20"
D,ROOFTOP,ACTUAL,2,"2023/10/02 18:30:00",QLDN,0.928,0.6,SATELLITE,"2023/10/02 18:50:20"
D,ROOFTOP,ACTUAL,2,"2023/10/02 18:30:00",QLDS,0,0.6,SATELLITE,"2023/10/02 18:50:20"
D,ROOFTOP,ACTUAL,2,"2023/10/02 18:30:00",SA1,67.415,0.6,SATELLITE,"2023/10/02 18:50:20"
D,ROOFTOP,ACTUAL,2,"2023/10/02 18:30:00",TAS1,0.578,0.6,SATELLITE,"2023/10/02 18:50:20"
D,ROOFTOP,ACTUAL,2,"2023/10/02 18:30:00",TASN,0.281,0.6,SATELLITE,"2023/10/02 18:50:20"
D,ROOFTOP,ACTUAL,2,"2023/10/02 18:30:00",TASS,0.297,0.6,SATELLITE,"2023/10/02 18:50:20"
D,ROOFTOP,ACTUAL,2,"2023/10/02 18:30:00",VIC1,21.812,0.6,SATELLITE,"2023/10/02 18:50:20"
C,"END OF REPORT",13
