C,NEMP.WORLD,ROOFTOP_PV_ACTUAL_MEASUREMENT,AEMO,PUBLIC,2023/07/26,10:30:02,0000000392989736,DEMAND,0000000392989736
I,ROOFTOP,ACTUAL,2,INTERVAL_DATETIME,REGIONID,POWER,QI,TYPE,LASTCHANGED
D,ROOFTOP,ACTUAL,2,"2023/07/26 10:00:00",NSW1,2059.465,1,MEASUREMENT,"2023/07/26 10:19:47"
D,ROOFTOP,ACTUAL,2,"2023/07/26 10:00:00",QLD1,1938.14,1,MEASUREMENT,"2023/07/26 10:19:47"
D,ROOFTOP,ACTUAL,2,"2023/07/26 10:00:00",QLDC,164.687,1,MEASUREMENT,"2023/07/26 10:19:47"
D,ROOFTOP,ACTUAL,2,"2023/07/26 10:00:00",QLDN,210.614,1,MEASUREMENT,"2023/07/26 10:19:47"
D,ROOFTOP,ACTUAL,2,"2023/07/26 10:00:00",QLDS,1562.838,1,MEASUREMENT,"2023/07/26 10:19:47"
D,ROOFTOP,ACTUAL,2,"2023/07/26 10:00:00",SA1,550.076,1,MEASUREMENT,"2023/07/26 10:19:47"
D,ROOFTOP,ACTUAL,2,"2023/07/26 10:00:00",TAS1,54.414,1,MEASUREMENT,"2023/07/26 10:19:47"
D,ROOFTOP,ACTUAL,2,"2023/07/26 10:00:00",TASN,35.328,1,MEASUREMENT,"2023/07/26 10:19:47"
D,ROOFTOP,ACTUAL,2,"2023/07/26 10:00:00",TASS,19.162,1,MEASUREMENT,"2023/07/26 10:19:47"
D,ROOFTOP,ACTUAL,2,"2023/07/26 10:00:00",VIC1,946.992,1,MEASUREMENT,"2023/07/26 10:19:47"
C,"END OF REPORT",13
