C,NEMP.WORLD,ROOFTOP_PV_ACTUAL_SATELLITE,AEMO,PUBLIC,2023/06/02,07:30:03,0000000388604750,DEMAND,0000000388604749
I,ROOFTOP,ACTUAL,2,INTERVAL_DATETIME,REGIONID,POWER,QI,TYPE,LASTCHANGED
D,ROOFTOP,ACTUAL,2,"2023/06/02 07:00:00",NSW1,29.419,0.6,SATELLITE,"2023/06/02 07:20:26"
D,ROOFTOP,ACTUAL,2,"2023/06/02 07:00:00",QLD1,142.783,0.6,SATELLITE,"2023/06/02 07:20:26"
D,ROOFTOP,ACTUAL,2,"2023/06/02 07:00:00",QLDC,14.3,0.6,SATELLITE,"2023/06/02 07:20:26"
D,ROOFTOP,ACTUAL,2,"2023/06/02 07:00:00",QLDN,12.965,0.6,SATELLITE,"2023/06/02 07:20:26"
D,ROOFTOP,ACTUAL,2,"2023/06/02 07:00:00",QLDS,115.517,0.6,SATELLITE,"2023/06/02 07:20:26"
D,ROOFTOP,ACTUAL,2,"2023/06/02 07:00:00",SA1,0,0.6,SATELLITE,"2023/06/02 07:20:26"
D,ROOFTOP,ACTUAL,2,"2023/06/02 07:00:00",TAS1,0,0.6,SATELLITE,"2023/06/02 07:20:26"
D,ROOFTOP,ACTUAL,2,"2023/06/02 07:00:00",TASN,0,0.6,SATELLITE,"2023/06/02 07:20:26"
D,ROOFTOP,ACTUAL,2,"2023/06/02 07:00:00",TASS,0,0.6,SATELLITE,"2023/06/02 07:20:26"
D,ROOFTOP,ACTUAL,2,"2023/06/02 07:00:00",VIC1,0,0.6,SATELLITE,"2023/06/02 07:20:26"
C,"END OF REPORT",13
