C,NEMP.WORLD,ROOFTOP_PV_ACTUAL_SATELLITE,AEMO,PUBLIC,2023/10/01,19:00:02,0000000398574502,DEMAND,0000000398574501
I,ROOFTOP,ACTUAL,2,INTERVAL_DATETIME,REGIONID,POWER,QI,TYPE,LASTCHANGED
D,ROOFTOP,ACTUAL,2,"2023/10/01 18:30:00",NSW1,0.332,0.6,SATELLITE,"2023/10/01 18:50:23"
D,ROOFTOP,ACTUAL,2,"2023/10/01 18:30:00",QLD1,0.897,0.6,SATELLITE,"2023/10/01 18:50:23"
D,ROOFTOP,ACTUAL,2,"2023/10/01 18:30:00",QLDC,0,0.6,SATELLITE,"2023/10/01 18:50:23"
D,ROOFTOP,ACTUAL,2,"2023/10/01 18:30:00",QLDN,0.897,0.6,SATELLITE,"2023/10/01 18:50:23"
D,ROOFTOP,ACTUAL,2,"2023/10/01 18:30:00",QLDS,0,0.6,SATELLITE,"2023/10/01 18:50:24"
D,ROOFTOP,ACTUAL,2,"2023/10/01 18:30:00",SA1,70.047,0.6,SATELLITE,"2023/10/01 18:50:24"
D,ROOFTOP,ACTUAL,2,"2023/10/01 18:30:00",TAS1,0.557,0.6,SATELLITE,"2023/10/01 18:50:24"
D,ROOFTOP,ACTUAL,2,"2023/10/01 18:30:00",TASN,0.316,0.6,SATELLITE,"2023/10/01 18:50:24"
D,ROOFTOP,ACTUAL,2,"2023/10/01 18:30:00",TASS,0.242,0.6,SATELLITE,"2023/10/01 18:50:24"
D,ROOFTOP,ACTUAL,2,"2023/10/01 18:30:00",VIC1,20.737,0.6,SATELLITE,"2023/10/01 18:50:24"
C,"END OF REPORT",13
