C,NEMP.WORLD,ROOFTOP_PV_ACTUAL_MEASUREMENT,AEMO,PUBLIC,2023/11/22,05:30:02,0000000403131420,DEMAND,0000000403131420
I,ROOFTOP,ACTUAL,2,INTERVAL_DATETIME,REGIONID,POWER,QI,TYPE,LASTCHANGED
D,ROOFTOP,ACTUAL,2,"2023/11/22 05:00:00",NSW1,9.405,1,MEASUREMENT,"2023/11/22 05:19:14"
D,ROOFTOP,ACTUAL,2,"2023/11/22 05:00:00",QLD1,3.258,1,MEASUREMENT,"2023/11/22 05:19:14"
D,ROOFTOP,ACTUAL,2,"2023/11/22 05:00:00",QLDC,0,1,MEASUREMENT,"2023/11/22 05:19:14"
D,ROOFTOP,ACTUAL,2,"2023/11/22 05:00:00",QLDN,0,1,MEASUREMENT,"2023/11/22 05:19:14"
D,ROOFTOP,ACTUAL,2,"2023/11/22 05:00:00",QLDS,3.258,1,MEASUREMENT,"2023/11/22 05:19:14"
D,ROOFTOP,ACTUAL,2,"2023/11/22 05:00:00",SA1,0,1,MEASUREMENT,"2023/11/22 05:19:14"
D,ROOFTOP,ACTUAL,2,"2023/11/22 05:00:00",TAS1,0.474,0.7,MEASUREMENT,"2023/11/22 05:19:14"
D,ROOFTOP,ACTUAL,2,"2023/11/22 05:00:00",TASN,0.203,1,MEASUREMENT,"2023/11/22 05:19:14"
D,ROOFTOP,ACTUAL,2,"2023/11/22 05:00:00",TASS,0.271,0.7,MEASUREMENT,"2023/11/22 05:19:14"
D,ROOFTOP,ACTUAL,2,"2023/11/22 05:00:00",VIC1,0.195,1,MEASUREMENT,"2023/11/22 05:19:14"
C,"END OF REPORT",13
