C,NEMP.WORLD,ROOFTOP_PV_ACTUAL_SATELLITE,AEMO,PUBLIC,2023/12/19,20:30:01,0000000406183882,DEMAND,0000000406183881
I,ROOFTOP,ACTUAL,2,INTERVAL_DATETIME,REGIONID,POWER,QI,TYPE,LASTCHANGED
D,ROOFTOP,ACTUAL,2,"2023/12/19 20:00:00",NSW1,0,0.6,SATELLITE,"2023/12/19 20:20:22"
D,ROOFTOP,ACTUAL,2,"2023/12/19 20:00:00",QLD1,0,0.6,SATELLITE,"2023/12/19 20:20:22"
D,ROOFTOP,ACTUAL,2,"2023/12/19 20:00:00",QLDC,0,0.6,SATELLITE,"2023/12/19 20:20:22"
D,ROOFTOP,ACTUAL,2,"2023/12/19 20:00:00",QLDN,0,0.6,SATELLITE,"2023/12/19 20:20:22"
D,ROOFTOP,ACTUAL,2,"2023/12/19 20:00:00",QLDS,0,0.6,SATELLITE,"2023/12/19 20:20:22"
D,ROOFTOP,ACTUAL,2,"2023/12/19 20:00:00",SA1,16.566,0.6,SATELLITE,"2023/12/19 20:20:22"
D,ROOFTOP,ACTUAL,2,"2023/12/19 20:00:00",TAS1,0.352,0.6,SATELLITE,"2023/12/19 20:20:23"
D,ROOFTOP,ACTUAL,2,"2023/12/19 20:00:00",TASN,0.165,0.6,SATELLITE,"2023/12/19 20:20:23"
D,ROOFTOP,ACTUAL,2,"2023/12/19 20:00:00",TASS,0.187,0.6,SATELLITE,"2023/12/19 20:20:23"
D,ROOFTOP,ACTUAL,2,"2023/12/19 20:00:00",VIC1,1.419,0.6,SATELLITE,"2023/12/19 20:20:23"
C,"END OF REPORT",13
