C,NEMP.WORLD,ROOFTOP_PV_ACTUAL_SATELLITE,AEMO,PUBLIC,2023/08/06,18:30:02,0000000393913650,DEMAND,0000000393913649
I,ROOFTOP,ACTUAL,2,INTERVAL_DATETIME,REGIONID,POWER,QI,TYPE,LASTCHANGED
D,ROOFTOP,ACTUAL,2,"2023/08/06 18:00:00",NSW1,0,0.6,SATELLITE,"2023/08/06 18:20:20"
D,ROOFTOP,ACTUAL,2,"2023/08/06 18:00:00",QLD1,8.563,0.6,SATELLITE,"2023/08/06 18:20:20"
D,ROOFTOP,ACTUAL,2,"2023/08/06 18:00:00",QLDC,0,0.6,SATELLITE,"2023/08/06 18:20:20"
D,ROOFTOP,ACTUAL,2,"2023/08/06 18:00:00",QLDN,8.563,0.6,SATELLITE,"2023/08/06 18:20:20"
D,ROOFTOP,ACTUAL,2,"2023/08/06 18:00:00",QLDS,0,0.6,SATELLITE,"2023/08/06 18:20:21"
D,ROOFTOP,ACTUAL,2,"2023/08/06 18:00:00",SA1,27.174,0.6,SATELLITE,"2023/08/06 18:20:21"
D,ROOFTOP,ACTUAL,2,"2023/08/06 18:00:00",TAS1,0,0.6,SATELLITE,"2023/08/06 18:20:21"
D,ROOFTOP,ACTUAL,2,"2023/08/06 18:00:00",TASN,0,0.6,SATELLITE,"2023/08/06 18:20:21"
D,ROOFTOP,ACTUAL,2,"2023/08/06 18:00:00",TASS,0,0.6,SATELLITE,"2023/08/06 18:20:21"
D,ROOFTOP,ACTUAL,2,"2023/08/06 18:00:00",VIC1,0.275,0.6,SATELLITE,"2023/08/06 18:20:21"
C,"END OF REPORT",13
