C,NEMP.WORLD,ROOFTOP_PV_ACTUAL_SATELLITE,AEMO,PUBLIC,2023/06/11,18:00:01,0000000389342246,DEMAND,0000000389342245
I,ROOFTOP,ACTUAL,2,INTERVAL_DATETIME,REGIONID,POWER,QI,TYPE,LASTCHANGED
D,ROOFTOP,ACTUAL,2,"2023/06/11 17:30:00",NSW1,0.128,0.6,SATELLITE,"2023/06/11 17:50:25"
D,ROOFTOP,ACTUAL,2,"2023/06/11 17:30:00",QLD1,15.229,0.6,SATELLITE,"2023/06/11 17:50:25"
D,ROOFTOP,ACTUAL,2,"2023/06/11 17:30:00",QLDC,0.143,0.6,SATELLITE,"2023/06/11 17:50:25"
D,ROOFTOP,ACTUAL,2,"2023/06/11 17:30:00",QLDN,14.888,0.6,SATELLITE,"2023/06/11 17:50:25"
D,ROOFTOP,ACTUAL,2,"2023/06/11 17:30:00",QLDS,0.198,0.6,SATELLITE,"2023/06/11 17:50:25"
D,ROOFTOP,ACTUAL,2,"2023/06/11 17:30:00",SA1,30.781,0.6,SATELLITE,"2023/06/11 17:50:25"
D,ROOFTOP,ACTUAL,2,"2023/06/11 17:30:00",TAS1,0,0.6,SATELLITE,"2023/06/11 17:50:25"
D,ROOFTOP,ACTUAL,2,"2023/06/11 17:30:00",TASN,0,0.6,SATELLITE,"2023/06/11 17:50:25"
D,ROOFTOP,ACTUAL,2,"2023/06/11 17:30:00",TASS,0,0.6,SATELLITE,"2023/06/11 17:50:25"
D,ROOFTOP,ACTUAL,2,"2023/06/11 17:30:00",VIC1,0.477,0.6,SATELLITE,"2023/06/11 17:50:25"
C,"END OF REPORT",13
