C,NEMP.WORLD,ROOFTOP_PV_ACTUAL_MEASUREMENT,AEMO,PUBLIC,2023/04/22,18:30:03,0000000385503526,DEMAND,0000000385503526
I,ROOFTOP,ACTUAL,2,INTERVAL_DATETIME,REGIONID,POWER,QI,TYPE,LASTCHANGED
D,ROOFTOP,ACTUAL,2,"2023/04/22 18:00:00",NSW1,0.067,1,MEASUREMENT,"2023/04/22 18:25:40"
D,ROOFTOP,ACTUAL,2,"2023/04/22 18:00:00",QLD1,4.254,1,MEASUREMENT,"2023/04/22 18:25:40"
D,ROOFTOP,ACTUAL,2,"2023/04/22 18:00:00",QLDC,0,1,MEASUREMENT,"2023/04/22 18:25:40"
D,ROOFTOP,ACTUAL,2,"2023/04/22 18:00:00",QLDN,4.237,1,MEASUREMENT,"2023/04/22 18:25:40"
D,ROOFTOP,ACTUAL,2,"2023/04/22 18:00:00",QLDS,0.017,1,MEASUREMENT,"2023/04/22 18:25:40"
D,ROOFTOP,ACTUAL,2,"2023/04/22 18:00:00",SA1,60.897,1,MEASUREMENT,"2023/04/22 18:25:40"
D,ROOFTOP,ACTUAL,2,"2023/04/22 18:00:00",TAS1,0,1,MEASUREMENT,"2023/04/22 18:25:40"
D,ROOFTOP,ACTUAL,2,"2023/04/22 18:00:00",TASN,0,1,MEASUREMENT,"2023/04/22 18:25:40"
D,ROOFTOP,ACTUAL,2,"2023/04/22 18:00:00",TASS,0,1,MEASUREMENT,"2023/04/22 18:25:40"
D,ROOFTOP,ACTUAL,2,"2023/04/22 18:00:00",VIC1,3.652,1,MEASUREMENT,"2023/04/22 18:25:40"
C,"END OF REPORT",13
