C,NEMP.WORLD,ROOFTOP_PV_ACTUAL_SATELLITE,AEMO,PUBLIC,2023/04/21,18:30:04,0000000385430011,DEMAND,0000000385430010
I,ROOFTOP,ACTUAL,2,INTERVAL_DATETIME,REGIONID,POWER,QI,TYPE,LASTCHANGED
D,ROOFTOP,ACTUAL,2,"2023/04/21 18:00:00",NSW1,0.238,0.6,SATELLITE,"2023/04/21 18:20:25"
D,ROOFTOP,ACTUAL,2,"2023/04/21 18:00:00",QLD1,7.056,0.6,SATELLITE,"2023/04/21 18:20:25"
D,ROOFTOP,ACTUAL,2,"2023/04/21 18:00:00",QLDC,0,0.6,SATELLITE,"2023/04/21 18:20:25"
D,ROOFTOP,ACTUAL,2,"2023/04/21 18:00:00",QLDN,7.056,0.6,SATELLITE,"2023/04/21 18:20:25"
D,ROOFTOP,ACTUAL,2,"2023/04/21 18:00:00",QLDS,0,0.6,SATELLITE,"2023/04/21 18:20:25"
D,ROOFTOP,ACTUAL,2,"2023/04/21 18:00:00",SA1,58.531,0.6,SATELLITE,"2023/04/21 18:20:25"
D,ROOFTOP,ACTUAL,2,"2023/04/21 18:00:00",TAS1,0,0.6,SATELLITE,"2023/04/21 18:20:25"
D,ROOFTOP,ACTUAL,2,"2023/04/21 18:00:00",TASN,0,0.6,SATELLITE,"2023/04/21 18:20:25"
D,ROOFTOP,ACTUAL,2,"2023/04/21 18:00:00",TASS,0,0.6,SATELLITE,"2023/04/21 18:20:25"
D,ROOFTOP,ACTUAL,2,"2023/04/21 18:00:00",VIC1,2.633,0.6,SATELLITE,"2023/04/21 18:20:25"
C,"END OF REPORT",13
