C,NEMP.WORLD,ROOFTOP_PV_ACTUAL_SATELLITE,AEMO,PUBLIC,2023/09/06,17:30:02,0000000396496446,DEMAND,0000000396496445
I,ROOFTOP,ACTUAL,2,INTERVAL_DATETIME,REGIONID,POWER,QI,TYPE,LASTCHANGED
D,ROOFTOP,ACTUAL,2,"2023/09/06 17:00:00",NSW1,513.013,0.6,SATELLITE,"2023/09/06 17:20:24"
D,ROOFTOP,ACTUAL,2,"2023/09/06 17:00:00",QLD1,464.994,0.6,SATELLITE,"2023/09/06 17:20:24"
D,ROOFTOP,ACTUAL,2,"2023/09/06 17:00:00",QLDC,48.079,0.6,SATELLITE,"2023/09/06 17:20:24"
D,ROOFTOP,ACTUAL,2,"2023/09/06 17:00:00",QLDN,137.905,0.6,SATELLITE,"2023/09/06 17:20:24"
D,ROOFTOP,ACTUAL,2,"2023/09/06 17:00:00",QLDS,279.01,0.6,SATELLITE,"2023/09/06 17:20:24"
D,ROOFTOP,ACTUAL,2,"2023/09/06 17:00:00",SA1,453.743,0.6,SATELLITE,"2023/09/06 17:20:24"
D,ROOFTOP,ACTUAL,2,"2023/09/06 17:00:00",TAS1,17.251,0.6,SATELLITE,"2023/09/06 17:20:24"
D,ROOFTOP,ACTUAL,2,"2023/09/06 17:00:00",TASN,9.284,0.6,SATELLITE,"2023/09/06 17:20:24"
D,ROOFTOP,ACTUAL,2,"2023/09/06 17:00:00",TASS,7.968,0.6,SATELLITE,"2023/09/06 17:20:24"
D,ROOFTOP,ACTUAL,2,"2023/09/06 17:00:00",VIC1,494.941,0.6,SATELLITE,"2023/09/06 17:20:24"
C,"END OF REPORT",13
