C,NEMP.WORLD,ROOFTOP_PV_ACTUAL_MEASUREMENT,AEMO,PUBLIC,2023/10/02,13:30:01,0000000398637326,DEMAND,0000000398637326
I,ROOFTOP,ACTUAL,2,INTERVAL_DATETIME,REGIONID,POWER,QI,TYPE,LASTCHANGED
D,ROOFTOP,ACTUAL,2,"2023/10/02 13:00:00",NSW1,3780.05,1,MEASUREMENT,"2023/10/02 13:19:10"
D,ROOFTOP,ACTUAL,2,"2023/10/02 13:00:00",QLD1,3480.428,1,MEASUREMENT,"2023/10/02 13:19:10"
D,ROOFTOP,ACTUAL,2,"2023/10/02 13:00:00",QLDC,262.373,1,MEASUREMENT,"2023/10/02 13:19:10"
D,ROOFTOP,ACTUAL,2,"2023/10/02 13:00:00",QLDN,449.66,1,MEASUREMENT,"2023/10/02 13:19:10"
D,ROOFTOP,ACTUAL,2,"2023/10/02 13:00:00",QLDS,2768.395,1,MEASUREMENT,"2023/10/02 13:19:10"
D,ROOFTOP,ACTUAL,2,"2023/10/02 13:00:00",SA1,1448.817,1,MEASUREMENT,"2023/10/02 13:19:10"
D,ROOFTOP,ACTUAL,2,"2023/10/02 13:00:00",TAS1,190.85,1,MEASUREMENT,"2023/10/02 13:19:10"
D,ROOFTOP,ACTUAL,2,"2023/10/02 13:00:00",TASN,97.53,1,MEASUREMENT,"2023/10/02 13:19:10"
D,ROOFTOP,ACTUAL,2,"2023/10/02 13:00:00",TASS,93.29,1,MEASUREMENT,"2023/10/02 13:19:10"
D,ROOFTOP,ACTUAL,2,"2023/10/02 13:00:00",VIC1,2510.398,1,MEASUREMENT,"2023/10/02 13:19:10"
C,"END OF REPORT",13
