C,NEMP.WORLD,ROOFTOP_PV_ACTUAL_SATELLITE,AEMO,PUBLIC,2024/01/17,05:30:02,0000000408617109,DEMAND,0000000408617108
I,ROOFTOP,ACTUAL,2,INTERVAL_DATETIME,REGIONID,POWER,QI,TYPE,LASTCHANGED
D,ROOFTOP,ACTUAL,2,"2024/01/17 05:00:00",NSW1,2.809,0.6,SATELLITE,"2024/01/17 05:20:23"
D,ROOFTOP,ACTUAL,2,"2024/01/17 05:00:00",QLD1,0.239,0.6,SATELLITE,"2024/01/17 05:20:23"
D,ROOFTOP,ACTUAL,2,"2024/01/17 05:00:00",QLDC,0,0.6,SATELLITE,"2024/01/17 05:20:23"
D,ROOFTOP,ACTUAL,2,"2024/01/17 05:00:00",QLDN,0,0.6,SATELLITE,"2024/01/17 05:20:23"
D,ROOFTOP,ACTUAL,2,"2024/01/17 05:00:00",QLDS,0.239,0.6,SATELLITE,"2024/01/17 05:20:23"
D,ROOFTOP,ACTUAL,2,"2024/01/17 05:00:00",SA1,0,0.6,SATELLITE,"2024/01/17 05:20:23"
D,ROOFTOP,ACTUAL,2,"2024/01/17 05:00:00",TAS1,0.217,0.6,SATELLITE,"2024/01/17 05:20:23"
D,ROOFTOP,ACTUAL,2,"2024/01/17 05:00:00",TASN,0.116,0.6,SATELLITE,"2024/01/17 05:20:23"
D,ROOFTOP,ACTUAL,2,"2024/01/17 05:00:00",TASS,0.101,0.6,SATELLITE,"2024/01/17 05:20:23"
D,ROOFTOP,ACTUAL,2,"2024/01/17 05:00:00",VIC1,0,0.6,SATELLITE,"2024/01/17 05:20:23"
C,"END OF REPORT",13
