C,NEMP.WORLD,ROOFTOP_PV_ACTUAL_MEASUREMENT,AEMO,PUBLIC,2023/11/18,09:30:02,0000000402816749,DEMAND,0000000402816749
I,ROOFTOP,ACTUAL,2,INTERVAL_DATETIME,REGIONID,POWER,QI,TYPE,LASTCHANGED
D,ROOFTOP,ACTUAL,2,"2023/11/18 09:00:00",NSW1,3103.899,1,MEASUREMENT,"2023/11/18 09:19:15"
D,ROOFTOP,ACTUAL,2,"2023/11/18 09:00:00",QLD1,2531.932,1,MEASUREMENT,"2023/11/18 09:19:15"
D,ROOFTOP,ACTUAL,2,"2023/11/18 09:00:00",QLDC,106.855,1,MEASUREMENT,"2023/11/18 09:19:15"
D,ROOFTOP,ACTUAL,2,"2023/11/18 09:00:00",QLDN,357.051,1,MEASUREMENT,"2023/11/18 09:19:15"
D,ROOFTOP,ACTUAL,2,"2023/11/18 09:00:00",QLDS,2068.026,1,MEASUREMENT,"2023/11/18 09:19:15"
D,ROOFTOP,ACTUAL,2,"2023/11/18 09:00:00",SA1,948.071,1,MEASUREMENT,"2023/11/18 09:19:15"
D,ROOFTOP,ACTUAL,2,"2023/11/18 09:00:00",TAS1,122.099,0.7,MEASUREMENT,"2023/11/18 09:19:15"
D,ROOFTOP,ACTUAL,2,"2023/11/18 09:00:00",TASN,82.688,1,MEASUREMENT,"2023/11/18 09:19:15"
D,ROOFTOP,ACTUAL,2,"2023/11/18 09:00:00",TASS,39.628,0.7,MEASUREMENT,"2023/11/18 09:19:15"
D,ROOFTOP,ACTUAL,2,"2023/11/18 09:00:00",VIC1,1739.352,1,MEASUREMENT,"2023/11/18 09:19:15"
C,"END OF REPORT",13
