C,NEMP.WORLD,ROOFTOP_PV_ACTUAL_MEASUREMENT,AEMO,PUBLIC,2023/06/06,07:30:03,0000000388909791,DEMAND,0000000388909791
I,ROOFTOP,ACTUAL,2,INTERVAL_DATETIME,REGIONID,POWER,QI,TYPE,LASTCHANGED
D,ROOFTOP,ACTUAL,2,"2023/06/06 07:00:00",NSW1,2.671,1,MEASUREMENT,"2023/06/06 07:19:18"
D,ROOFTOP,ACTUAL,2,"2023/06/06 07:00:00",QLD1,32.777,1,MEASUREMENT,"2023/06/06 07:19:18"
D,ROOFTOP,ACTUAL,2,"2023/06/06 07:00:00",QLDC,3.016,1,MEASUREMENT,"2023/06/06 07:19:18"
D,ROOFTOP,ACTUAL,2,"2023/06/06 07:00:00",QLDN,2.018,1,MEASUREMENT,"2023/06/06 07:19:18"
D,ROOFTOP,ACTUAL,2,"2023/06/06 07:00:00",QLDS,27.743,1,MEASUREMENT,"2023/06/06 07:19:19"
D,ROOFTOP,ACTUAL,2,"2023/06/06 07:00:00",SA1,0,1,MEASUREMENT,"2023/06/06 07:19:19"
D,ROOFTOP,ACTUAL,2,"2023/06/06 07:00:00",TAS1,0,1,MEASUREMENT,"2023/06/06 07:19:19"
D,ROOFTOP,ACTUAL,2,"2023/06/06 07:00:00",TASN,0,1,MEASUREMENT,"2023/06/06 07:19:19"
D,ROOFTOP,ACTUAL,2,"2023/06/06 07:00:00",TASS,0,1,MEASUREMENT,"2023/06/06 07:19:19"
D,ROOFTOP,ACTUAL,2,"2023/06/06 07:00:00",VIC1,0,1,MEASUREMENT,"2023/06/06 07:19:19"
C,"END OF REPORT",13
