C,NEMP.WORLD,ROOFTOP_PV_ACTUAL_MEASUREMENT,AEMO,PUBLIC,2023/07/25,07:30:02,0000000392901670,DEMAND,0000000392901670
I,ROOFTOP,ACTUAL,2,INTERVAL_DATETIME,REGIONID,POWER,QI,TYPE,LASTCHANGED
D,ROOFTOP,ACTUAL,2,"2023/07/25 07:00:00",NSW1,2.648,1,MEASUREMENT,"2023/07/25 07:19:19"
D,ROOFTOP,ACTUAL,2,"2023/07/25 07:00:00",QLD1,24.32,1,MEASUREMENT,"2023/07/25 07:19:19"
D,ROOFTOP,ACTUAL,2,"2023/07/25 07:00:00",QLDC,2.27,1,MEASUREMENT,"2023/07/25 07:19:19"
D,ROOFTOP,ACTUAL,2,"2023/07/25 07:00:00",QLDN,0.902,1,MEASUREMENT,"2023/07/25 07:19:19"
D,ROOFTOP,ACTUAL,2,"2023/07/25 07:00:00",QLDS,21.149,1,MEASUREMENT,"2023/07/25 07:19:19"
D,ROOFTOP,ACTUAL,2,"2023/07/25 07:00:00",SA1,0,1,MEASUREMENT,"2023/07/25 07:19:19"
D,ROOFTOP,ACTUAL,2,"2023/07/25 07:00:00",TAS1,0,1,MEASUREMENT,"2023/07/25 07:19:19"
D,ROOFTOP,ACTUAL,2,"2023/07/25 07:00:00",TASN,0,1,MEASUREMENT,"2023/07/25 07:19:19"
D,ROOFTOP,ACTUAL,2,"2023/07/25 07:00:00",TASS,0,1,MEASUREMENT,"2023/07/25 07:19:19"
D,ROOFTOP,ACTUAL,2,"2023/07/25 07:00:00",VIC1,0,1,MEASUREMENT,"2023/07/25 07:19:19"
C,"END OF REPORT",13
