C,NEMP.WORLD,ROOFTOP_PV_ACTUAL_MEASUREMENT,AEMO,PUBLIC,2023/04/06,07:00:03,0000000384304699,DEMAND,0000000384304699
I,ROOFTOP,ACTUAL,2,INTERVAL_DATETIME,REGIONID,POWER,QI,TYPE,LASTCHANGED
D,ROOFTOP,ACTUAL,2,"2023/04/06 06:30:00",NSW1,20.088,1,MEASUREMENT,"2023/04/06 06:49:37"
D,ROOFTOP,ACTUAL,2,"2023/04/06 06:30:00",QLD1,52.201,1,MEASUREMENT,"2023/04/06 06:49:37"
D,ROOFTOP,ACTUAL,2,"2023/04/06 06:30:00",QLDC,4.372,1,MEASUREMENT,"2023/04/06 06:49:37"
D,ROOFTOP,ACTUAL,2,"2023/04/06 06:30:00",QLDN,0.758,1,MEASUREMENT,"2023/04/06 06:49:37"
D,ROOFTOP,ACTUAL,2,"2023/04/06 06:30:00",QLDS,47.071,1,MEASUREMENT,"2023/04/06 06:49:37"
D,ROOFTOP,ACTUAL,2,"2023/04/06 06:30:00",SA1,0,1,MEASUREMENT,"2023/04/06 06:49:37"
D,ROOFTOP,ACTUAL,2,"2023/04/06 06:30:00",TAS1,0,1,MEASUREMENT,"2023/04/06 06:49:37"
D,ROOFTOP,ACTUAL,2,"2023/04/06 06:30:00",TASN,0,1,MEASUREMENT,"2023/04/06 06:49:37"
D,ROOFTOP,ACTUAL,2,"2023/04/06 06:30:00",TASS,0,1,MEASUREMENT,"2023/04/06 06:49:37"
D,ROOFTOP,ACTUAL,2,"2023/04/06 06:30:00",VIC1,0,1,MEASUREMENT,"2023/04/06 06:49:37"
C,"END OF REPORT",13
