C,NEMP.WORLD,ROOFTOP_PV_ACTUAL_MEASUREMENT,AEMO,PUBLIC,2023/05/21,13:30:03,0000000387678203,DEMAND,0000000387678203
I,ROOFTOP,ACTUAL,2,INTERVAL_DATETIME,REGIONID,POWER,QI,TYPE,LASTCHANGED
D,ROOFTOP,ACTUAL,2,"2023/05/21 13:00:00",NSW1,2398.361,1,MEASUREMENT,"2023/05/21 13:19:18"
D,ROOFTOP,ACTUAL,2,"2023/05/21 13:00:00",QLD1,2883.052,1,MEASUREMENT,"2023/05/21 13:19:18"
D,ROOFTOP,ACTUAL,2,"2023/05/21 13:00:00",QLDC,235.388,1,MEASUREMENT,"2023/05/21 13:19:18"
D,ROOFTOP,ACTUAL,2,"2023/05/21 13:00:00",QLDN,479.055,1,MEASUREMENT,"2023/05/21 13:19:18"
D,ROOFTOP,ACTUAL,2,"2023/05/21 13:00:00",QLDS,2168.609,1,MEASUREMENT,"2023/05/21 13:19:18"
D,ROOFTOP,ACTUAL,2,"2023/05/21 13:00:00",SA1,734.61,1,MEASUREMENT,"2023/05/21 13:19:18"
D,ROOFTOP,ACTUAL,2,"2023/05/21 13:00:00",TAS1,91.886,1,MEASUREMENT,"2023/05/21 13:19:18"
D,ROOFTOP,ACTUAL,2,"2023/05/21 13:00:00",TASN,57.911,1,MEASUREMENT,"2023/05/21 13:19:18"
D,ROOFTOP,ACTUAL,2,"2023/05/21 13:00:00",TASS,34.085,1,MEASUREMENT,"2023/05/21 13:19:18"
D,ROOFTOP,ACTUAL,2,"2023/05/21 13:00:00",VIC1,1105.639,1,MEASUREMENT,"2023/05/21 13:19:18"
C,"END OF REPORT",13
