C,NEMP.WORLD,ROOFTOP_PV_ACTUAL_SATELLITE,AEMO,PUBLIC,2023/07/02,08:00:01,0000000390963471,DEMAND,0000000390963470
I,ROOFTOP,ACTUAL,2,INTERVAL_DATETIME,REGIONID,POWER,QI,TYPE,LASTCHANGED
D,ROOFTOP,ACTUAL,2,"2023/07/02 07:30:00",NSW1,106.703,0.6,SATELLITE,"2023/07/02 07:50:21"
D,ROOFTOP,ACTUAL,2,"2023/07/02 07:30:00",QLD1,253.345,0.6,SATELLITE,"2023/07/02 07:50:21"
D,ROOFTOP,ACTUAL,2,"2023/07/02 07:30:00",QLDC,23.817,0.6,SATELLITE,"2023/07/02 07:50:21"
D,ROOFTOP,ACTUAL,2,"2023/07/02 07:30:00",QLDN,29.355,0.6,SATELLITE,"2023/07/02 07:50:21"
D,ROOFTOP,ACTUAL,2,"2023/07/02 07:30:00",QLDS,200.173,0.6,SATELLITE,"2023/07/02 07:50:21"
D,ROOFTOP,ACTUAL,2,"2023/07/02 07:30:00",SA1,0,0.6,SATELLITE,"2023/07/02 07:50:21"
D,ROOFTOP,ACTUAL,2,"2023/07/02 07:30:00",TAS1,0,0.6,SATELLITE,"2023/07/02 07:50:21"
D,ROOFTOP,ACTUAL,2,"2023/07/02 07:30:00",TASN,0,0.6,SATELLITE,"2023/07/02 07:50:21"
D,ROOFTOP,ACTUAL,2,"2023/07/02 07:30:00",TASS,0,0.6,SATELLITE,"2023/07/02 07:50:21"
D,ROOFTOP,ACTUAL,2,"2023/07/02 07:30:00",VIC1,1.488,0.6,SATELLITE,"2023/07/02 07:50:21"
C,"END OF REPORT",13
