C,NEMP.WORLD,ROOFTOP_PV_ACTUAL_MEASUREMENT,AEMO,PUBLIC,2023/05/25,18:00:03,0000000388019603,DEMAND,0000000388019603
I,ROOFTOP,ACTUAL,2,INTERVAL_DATETIME,REGIONID,POWER,QI,TYPE,LASTCHANGED
D,ROOFTOP,ACTUAL,2,"2023/05/25 17:30:00",NSW1,0.174,1,MEASUREMENT,"2023/05/25 17:49:22"
D,ROOFTOP,ACTUAL,2,"2023/05/25 17:30:00",QLD1,15.42,1,MEASUREMENT,"2023/05/25 17:49:22"
D,ROOFTOP,ACTUAL,2,"2023/05/25 17:30:00",QLDC,0.333,1,MEASUREMENT,"2023/05/25 17:49:22"
D,ROOFTOP,ACTUAL,2,"2023/05/25 17:30:00",QLDN,14.982,1,MEASUREMENT,"2023/05/25 17:49:22"
D,ROOFTOP,ACTUAL,2,"2023/05/25 17:30:00",QLDS,0.105,1,MEASUREMENT,"2023/05/25 17:49:22"
D,ROOFTOP,ACTUAL,2,"2023/05/25 17:30:00",SA1,5.317,1,MEASUREMENT,"2023/05/25 17:49:22"
D,ROOFTOP,ACTUAL,2,"2023/05/25 17:30:00",TAS1,0,1,MEASUREMENT,"2023/05/25 17:49:22"
D,ROOFTOP,ACTUAL,2,"2023/05/25 17:30:00",TASN,0,1,MEASUREMENT,"2023/05/25 17:49:22"
D,ROOFTOP,ACTUAL,2,"2023/05/25 17:30:00",TASS,0,1,MEASUREMENT,"2023/05/25 17:49:22"
D,ROOFTOP,ACTUAL,2,"2023/05/25 17:30:00",VIC1,0.452,1,MEASUREMENT,"2023/05/25 17:49:22"
C,"END OF REPORT",13
