C,NEMP.WORLD,ROOFTOP_PV_ACTUAL_SATELLITE,AEMO,PUBLIC,2023/09/05,06:30:01,0000000396370955,DEMAND,0000000396370954
I,ROOFTOP,ACTUAL,2,INTERVAL_DATETIME,REGIONID,POWER,QI,TYPE,LASTCHANGED
D,ROOFTOP,ACTUAL,2,"2023/09/05 06:00:00",NSW1,1.869,0.6,SATELLITE,"2023/09/05 06:20:26"
D,ROOFTOP,ACTUAL,2,"2023/09/05 06:00:00",QLD1,12.48,0.6,SATELLITE,"2023/09/05 06:20:26"
D,ROOFTOP,ACTUAL,2,"2023/09/05 06:00:00",QLDC,1.021,0.6,SATELLITE,"2023/09/05 06:20:26"
D,ROOFTOP,ACTUAL,2,"2023/09/05 06:00:00",QLDN,0,0.6,SATELLITE,"2023/09/05 06:20:26"
D,ROOFTOP,ACTUAL,2,"2023/09/05 06:00:00",QLDS,11.459,0.6,SATELLITE,"2023/09/05 06:20:26"
D,ROOFTOP,ACTUAL,2,"2023/09/05 06:00:00",SA1,0,0.6,SATELLITE,"2023/09/05 06:20:26"
D,ROOFTOP,ACTUAL,2,"2023/09/05 06:00:00",TAS1,0,0.6,SATELLITE,"2023/09/05 06:20:26"
D,ROOFTOP,ACTUAL,2,"2023/09/05 06:00:00",TASN,0,0.6,SATELLITE,"2023/09/05 06:20:26"
D,ROOFTOP,ACTUAL,2,"2023/09/05 06:00:00",TASS,0,0.6,SATELLITE,"2023/09/05 06:20:26"
D,ROOFTOP,ACTUAL,2,"2023/09/05 06:00:00",VIC1,0,0.6,SATELLITE,"2023/09/05 06:20:26"
C,"END OF REPORT",13
