C,NEMP.WORLD,ROOFTOP_PV_ACTUAL_SATELLITE,AEMO,PUBLIC,2023/12/21,16:30:01,0000000406437019,DEMAND,0000000406437018
I,ROOFTOP,ACTUAL,2,INTERVAL_DATETIME,REGIONID,POWER,QI,TYPE,LASTCHANGED
D,ROOFTOP,ACTUAL,2,"2023/12/21 16:00:00",NSW1,1455.143,0.6,SATELLITE,"2023/12/21 16:20:23"
D,ROOFTOP,ACTUAL,2,"2023/12/21 16:00:00",QLD1,985.245,0.6,SATELLITE,"2023/12/21 16:20:23"
D,ROOFTOP,ACTUAL,2,"2023/12/21 16:00:00",QLDC,121.963,0.6,SATELLITE,"2023/12/21 16:20:23"
D,ROOFTOP,ACTUAL,2,"2023/12/21 16:00:00",QLDN,362.459,0.6,SATELLITE,"2023/12/21 16:20:23"
D,ROOFTOP,ACTUAL,2,"2023/12/21 16:00:00",QLDS,500.823,0.6,SATELLITE,"2023/12/21 16:20:23"
D,ROOFTOP,ACTUAL,2,"2023/12/21 16:00:00",SA1,1382.107,0.6,SATELLITE,"2023/12/21 16:20:23"
D,ROOFTOP,ACTUAL,2,"2023/12/21 16:00:00",TAS1,124.688,0.6,SATELLITE,"2023/12/21 16:20:23"
D,ROOFTOP,ACTUAL,2,"2023/12/21 16:00:00",TASN,62.722,0.6,SATELLITE,"2023/12/21 16:20:24"
D,ROOFTOP,ACTUAL,2,"2023/12/21 16:00:00",TASS,61.965,0.6,SATELLITE,"2023/12/21 16:20:24"
D,ROOFTOP,ACTUAL,2,"2023/12/21 16:00:00",VIC1,1980.27,0.6,SATELLITE,"2023/12/21 16:20:24"
C,"END OF REPORT",13
