C,NEMP.WORLD,ROOFTOP_PV_ACTUAL_MEASUREMENT,AEMO,PUBLIC,2023/03/02,12:30:02,0000000381888089,DEMAND,0000000381888089
I,ROOFTOP,ACTUAL,2,INTERVAL_DATETIME,REGIONID,POWER,QI,TYPE,LASTCHANGED
D,ROOFTOP,ACTUAL,2,"2023/03/02 12:00:00",NSW1,3167.487,1,MEASUREMENT,"2023/03/02 12:19:16"
D,ROOFTOP,ACTUAL,2,"2023/03/02 12:00:00",QLD1,2227.641,1,MEASUREMENT,"2023/03/02 12:19:16"
D,ROOFTOP,ACTUAL,2,"2023/03/02 12:00:00",QLDC,289.527,1,MEASUREMENT,"2023/03/02 12:19:16"
D,ROOFTOP,ACTUAL,2,"2023/03/02 12:00:00",QLDN,590.892,1,MEASUREMENT,"2023/03/02 12:19:16"
D,ROOFTOP,ACTUAL,2,"2023/03/02 12:00:00",QLDS,1347.222,1,MEASUREMENT,"2023/03/02 12:19:16"
D,ROOFTOP,ACTUAL,2,"2023/03/02 12:00:00",SA1,1010.757,1,MEASUREMENT,"2023/03/02 12:19:16"
D,ROOFTOP,ACTUAL,2,"2023/03/02 12:00:00",TAS1,151.062,1,MEASUREMENT,"2023/03/02 12:19:16"
D,ROOFTOP,ACTUAL,2,"2023/03/02 12:00:00",TASN,91.86,1,MEASUREMENT,"2023/03/02 12:19:16"
D,ROOFTOP,ACTUAL,2,"2023/03/02 12:00:00",TASS,59.338,1,MEASUREMENT,"2023/03/02 12:19:16"
D,ROOFTOP,ACTUAL,2,"2023/03/02 12:00:00",VIC1,1444.796,1,MEASUREMENT,"2023/03/02 12:19:16"
C,"END OF REPORT",13
