C,NEMP.WORLD,ROOFTOP_PV_ACTUAL_SATELLITE,AEMO,PUBLIC,2023/11/29,15:30:03,0000000403865843,DEMAND,0000000403865842
I,ROOFTOP,ACTUAL,2,INTERVAL_DATETIME,REGIONID,POWER,QI,TYPE,LASTCHANGED
D,ROOFTOP,ACTUAL,2,"2023/11/29 15:00:00",NSW1,1081.184,0.6,SATELLITE,"2023/11/29 15:20:23"
D,ROOFTOP,ACTUAL,2,"2023/11/29 15:00:00",QLD1,2602.132,0.6,SATELLITE,"2023/11/29 15:20:23"
D,ROOFTOP,ACTUAL,2,"2023/11/29 15:00:00",QLDC,277.384,0.6,SATELLITE,"2023/11/29 15:20:23"
D,ROOFTOP,ACTUAL,2,"2023/11/29 15:00:00",QLDN,336.722,0.6,SATELLITE,"2023/11/29 15:20:23"
D,ROOFTOP,ACTUAL,2,"2023/11/29 15:00:00",QLDS,1988.026,0.6,SATELLITE,"2023/11/29 15:20:23"
D,ROOFTOP,ACTUAL,2,"2023/11/29 15:00:00",SA1,1273.81,0.6,SATELLITE,"2023/11/29 15:20:23"
D,ROOFTOP,ACTUAL,2,"2023/11/29 15:00:00",TAS1,96.97,0.6,SATELLITE,"2023/11/29 15:20:24"
D,ROOFTOP,ACTUAL,2,"2023/11/29 15:00:00",TASN,55.501,0.6,SATELLITE,"2023/11/29 15:20:24"
D,ROOFTOP,ACTUAL,2,"2023/11/29 15:00:00",TASS,41.469,0.6,SATELLITE,"2023/11/29 15:20:24"
D,ROOFTOP,ACTUAL,2,"2023/11/29 15:00:00",VIC1,672.609,0.6,SATELLITE,"2023/11/29 15:20:24"
C,"END OF REPORT",13
