C,NEMP.WORLD,ROOFTOP_PV_ACTUAL_MEASUREMENT,AEMO,PUBLIC,2023/05/15,15:30:03,0000000387231298,DEMAND,0000000387231298
I,ROOFTOP,ACTUAL,2,INTERVAL_DATETIME,REGIONID,POWER,QI,TYPE,LASTCHANGED
D,ROOFTOP,ACTUAL,2,"2023/05/15 15:00:00",NSW1,1332.365,1,MEASUREMENT,"2023/05/15 15:19:20"
D,ROOFTOP,ACTUAL,2,"2023/05/15 15:00:00",QLD1,858.633,1,MEASUREMENT,"2023/05/15 15:19:20"
D,ROOFTOP,ACTUAL,2,"2023/05/15 15:00:00",QLDC,86.705,1,MEASUREMENT,"2023/05/15 15:19:20"
D,ROOFTOP,ACTUAL,2,"2023/05/15 15:00:00",QLDN,303.237,1,MEASUREMENT,"2023/05/15 15:19:20"
D,ROOFTOP,ACTUAL,2,"2023/05/15 15:00:00",QLDS,468.69,1,MEASUREMENT,"2023/05/15 15:19:20"
D,ROOFTOP,ACTUAL,2,"2023/05/15 15:00:00",SA1,830.07,1,MEASUREMENT,"2023/05/15 15:19:20"
D,ROOFTOP,ACTUAL,2,"2023/05/15 15:00:00",TAS1,29.688,1,MEASUREMENT,"2023/05/15 15:19:20"
D,ROOFTOP,ACTUAL,2,"2023/05/15 15:00:00",TASN,13.412,1,MEASUREMENT,"2023/05/15 15:19:20"
D,ROOFTOP,ACTUAL,2,"2023/05/15 15:00:00",TASS,16.25,1,MEASUREMENT,"2023/05/15 15:19:20"
D,ROOFTOP,ACTUAL,2,"2023/05/15 15:00:00",VIC1,1143.415,1,MEASUREMENT,"2023/05/15 15:19:20"
C,"END OF REPORT",13
