C,NEMP.WORLD,ROOFTOP_PV_ACTUAL_MEASUREMENT,AEMO,PUBLIC,2023/04/13,10:30:03,0000000384791197,DEMAND,0000000384791197
I,ROOFTOP,ACTUAL,2,INTERVAL_DATETIME,REGIONID,POWER,QI,TYPE,LASTCHANGED
D,ROOFTOP,ACTUAL,2,"2023/04/13 10:00:00",NSW1,1800.009,1,MEASUREMENT,"2023/04/13 10:20:15"
D,ROOFTOP,ACTUAL,2,"2023/04/13 10:00:00",QLD1,2897.654,1,MEASUREMENT,"2023/04/13 10:20:15"
D,ROOFTOP,ACTUAL,2,"2023/04/13 10:00:00",QLDC,246.688,1,MEASUREMENT,"2023/04/13 10:20:15"
D,ROOFTOP,ACTUAL,2,"2023/04/13 10:00:00",QLDN,398.231,1,MEASUREMENT,"2023/04/13 10:20:15"
D,ROOFTOP,ACTUAL,2,"2023/04/13 10:00:00",QLDS,2252.735,1,MEASUREMENT,"2023/04/13 10:20:15"
D,ROOFTOP,ACTUAL,2,"2023/04/13 10:00:00",SA1,495.322,1,MEASUREMENT,"2023/04/13 10:20:15"
D,ROOFTOP,ACTUAL,2,"2023/04/13 10:00:00",TAS1,100.543,1,MEASUREMENT,"2023/04/13 10:20:15"
D,ROOFTOP,ACTUAL,2,"2023/04/13 10:00:00",TASN,56.323,1,MEASUREMENT,"2023/04/13 10:20:15"
D,ROOFTOP,ACTUAL,2,"2023/04/13 10:00:00",TASS,44.258,1,MEASUREMENT,"2023/04/13 10:20:15"
D,ROOFTOP,ACTUAL,2,"2023/04/13 10:00:00",VIC1,1308.115,1,MEASUREMENT,"2023/04/13 10:20:15"
C,"END OF REPORT",13
