C,NEMP.WORLD,ROOFTOP_PV_ACTUAL_SATELLITE,AEMO,PUBLIC,2023/08/01,07:30:02,0000000393466843,DEMAND,0000000393466842
I,ROOFTOP,ACTUAL,2,INTERVAL_DATETIME,REGIONID,POWER,QI,TYPE,LASTCHANGED
D,ROOFTOP,ACTUAL,2,"2023/08/01 07:00:00",NSW1,49.916,0.6,SATELLITE,"2023/08/01 07:20:27"
D,ROOFTOP,ACTUAL,2,"2023/08/01 07:00:00",QLD1,147.568,0.6,SATELLITE,"2023/08/01 07:20:27"
D,ROOFTOP,ACTUAL,2,"2023/08/01 07:00:00",QLDC,16.216,0.6,SATELLITE,"2023/08/01 07:20:27"
D,ROOFTOP,ACTUAL,2,"2023/08/01 07:00:00",QLDN,10.778,0.6,SATELLITE,"2023/08/01 07:20:27"
D,ROOFTOP,ACTUAL,2,"2023/08/01 07:00:00",QLDS,120.575,0.6,SATELLITE,"2023/08/01 07:20:27"
D,ROOFTOP,ACTUAL,2,"2023/08/01 07:00:00",SA1,0,0.6,SATELLITE,"2023/08/01 07:20:27"
D,ROOFTOP,ACTUAL,2,"2023/08/01 07:00:00",TAS1,0,0.6,SATELLITE,"2023/08/01 07:20:27"
D,ROOFTOP,ACTUAL,2,"2023/08/01 07:00:00",TASN,0,0.6,SATELLITE,"2023/08/01 07:20:27"
D,ROOFTOP,ACTUAL,2,"2023/08/01 07:00:00",TASS,0,0.6,SATELLITE,"2023/08/01 07:20:27"
D,ROOFTOP,ACTUAL,2,"2023/08/01 07:00:00",VIC1,0,0.6,SATELLITE,"2023/08/01 07:20:27"
C,"END OF REPORT",13
