C,NEMP.WORLD,ROOFTOP_PV_ACTUAL_SATELLITE,AEMO,PUBLIC,2023/09/27,14:30:01,0000000398226608,DEMAND,0000000398226607
I,ROOFTOP,ACTUAL,2,INTERVAL_DATETIME,REGIONID,POWER,QI,TYPE,LASTCHANGED
D,ROOFTOP,ACTUAL,2,"2023/09/27 14:00:00",NSW1,2737.038,0.6,SATELLITE,"2023/09/27 14:20:23"
D,ROOFTOP,ACTUAL,2,"2023/09/27 14:00:00",QLD1,3125.282,0.6,SATELLITE,"2023/09/27 14:20:23"
D,ROOFTOP,ACTUAL,2,"2023/09/27 14:00:00",QLDC,287.707,0.6,SATELLITE,"2023/09/27 14:20:23"
D,ROOFTOP,ACTUAL,2,"2023/09/27 14:00:00",QLDN,550.799,0.6,SATELLITE,"2023/09/27 14:20:23"
D,ROOFTOP,ACTUAL,2,"2023/09/27 14:00:00",QLDS,2286.776,0.6,SATELLITE,"2023/09/27 14:20:23"
D,ROOFTOP,ACTUAL,2,"2023/09/27 14:00:00",SA1,1431.653,0.6,SATELLITE,"2023/09/27 14:20:23"
D,ROOFTOP,ACTUAL,2,"2023/09/27 14:00:00",TAS1,123.38,0.6,SATELLITE,"2023/09/27 14:20:23"
D,ROOFTOP,ACTUAL,2,"2023/09/27 14:00:00",TASN,78.123,0.6,SATELLITE,"2023/09/27 14:20:23"
D,ROOFTOP,ACTUAL,2,"2023/09/27 14:00:00",TASS,45.257,0.6,SATELLITE,"2023/09/27 14:20:23"
D,ROOFTOP,ACTUAL,2,"2023/09/27 14:00:00",VIC1,2033.936,0.6,SATELLITE,"2023/09/27 14:20:23"
C,"END OF REPORT",13
