C,NEMP.WORLD,ROOFTOP_PV_ACTUAL_SATELLITE,AEMO,PUBLIC,2024/01/07,05:30:02,0000000407787387,DEMAND,0000000407787386
I,ROOFTOP,ACTUAL,2,INTERVAL_DATETIME,REGIONID,POWER,QI,TYPE,LASTCHANGED
D,ROOFTOP,ACTUAL,2,"2024/01/07 05:00:00",NSW1,8.152,0.6,SATELLITE,"2024/01/07 05:20:22"
D,ROOFTOP,ACTUAL,2,"2024/01/07 05:00:00",QLD1,6.487,0.6,SATELLITE,"2024/01/07 05:20:22"
D,ROOFTOP,ACTUAL,2,"2024/01/07 05:00:00",QLDC,0,0.6,SATELLITE,"2024/01/07 05:20:22"
D,ROOFTOP,ACTUAL,2,"2024/01/07 05:00:00",QLDN,0,0.6,SATELLITE,"2024/01/07 05:20:22"
D,ROOFTOP,ACTUAL,2,"2024/01/07 05:00:00",QLDS,6.487,0.6,SATELLITE,"2024/01/07 05:20:22"
D,ROOFTOP,ACTUAL,2,"2024/01/07 05:00:00",SA1,0,0.6,SATELLITE,"2024/01/07 05:20:22"
D,ROOFTOP,ACTUAL,2,"2024/01/07 05:00:00",TAS1,1.07,0.6,SATELLITE,"2024/01/07 05:20:22"
D,ROOFTOP,ACTUAL,2,"2024/01/07 05:00:00",TASN,0.336,0.6,SATELLITE,"2024/01/07 05:20:22"
D,ROOFTOP,ACTUAL,2,"2024/01/07 05:00:00",TASS,0.734,0.6,SATELLITE,"2024/01/07 05:20:22"
D,ROOFTOP,ACTUAL,2,"2024/01/07 05:00:00",VIC1,0.489,0.6,SATELLITE,"2024/01/07 05:20:22"
C,"END OF REPORT",13
