C,NEMP.WORLD,ROOFTOP_PV_ACTUAL_MEASUREMENT,AEMO,PUBLIC,2023/04/22,16:30:03,0000000385497264,DEMAND,0000000385497264
I,ROOFTOP,ACTUAL,2,INTERVAL_DATETIME,REGIONID,POWER,QI,TYPE,LASTCHANGED
D,ROOFTOP,ACTUAL,2,"2023/04/22 16:00:00",NSW1,770.416,1,MEASUREMENT,"2023/04/22 16:19:28"
D,ROOFTOP,ACTUAL,2,"2023/04/22 16:00:00",QLD1,858.029,1,MEASUREMENT,"2023/04/22 16:19:28"
D,ROOFTOP,ACTUAL,2,"2023/04/22 16:00:00",QLDC,78.879,1,MEASUREMENT,"2023/04/22 16:19:28"
D,ROOFTOP,ACTUAL,2,"2023/04/22 16:00:00",QLDN,200.997,1,MEASUREMENT,"2023/04/22 16:19:28"
D,ROOFTOP,ACTUAL,2,"2023/04/22 16:00:00",QLDS,578.152,1,MEASUREMENT,"2023/04/22 16:19:28"
D,ROOFTOP,ACTUAL,2,"2023/04/22 16:00:00",SA1,732.479,1,MEASUREMENT,"2023/04/22 16:19:28"
D,ROOFTOP,ACTUAL,2,"2023/04/22 16:00:00",TAS1,52.358,1,MEASUREMENT,"2023/04/22 16:19:28"
D,ROOFTOP,ACTUAL,2,"2023/04/22 16:00:00",TASN,30.693,1,MEASUREMENT,"2023/04/22 16:19:28"
D,ROOFTOP,ACTUAL,2,"2023/04/22 16:00:00",TASS,21.699,1,MEASUREMENT,"2023/04/22 16:19:28"
D,ROOFTOP,ACTUAL,2,"2023/04/22 16:00:00",VIC1,749.115,1,MEASUREMENT,"2023/04/22 16:19:28"
C,"END OF REPORT",13
