C,NEMP.WORLD,ROOFTOP_PV_ACTUAL_MEASUREMENT,AEMO,PUBLIC,2023/12/01,19:30:02,0000000404103779,DEMAND,0000000404103779
I,ROOFTOP,ACTUAL,2,INTERVAL_DATETIME,REGIONID,POWER,QI,TYPE,LASTCHANGED
D,ROOFTOP,ACTUAL,2,"2023/12/01 19:00:00",NSW1,16.174,1,MEASUREMENT,"2023/12/01 19:19:12"
D,ROOFTOP,ACTUAL,2,"2023/12/01 19:00:00",QLD1,0,1,MEASUREMENT,"2023/12/01 19:19:12"
D,ROOFTOP,ACTUAL,2,"2023/12/01 19:00:00",QLDC,0,1,MEASUREMENT,"2023/12/01 19:19:12"
D,ROOFTOP,ACTUAL,2,"2023/12/01 19:00:00",QLDN,0,1,MEASUREMENT,"2023/12/01 19:19:12"
D,ROOFTOP,ACTUAL,2,"2023/12/01 19:00:00",QLDS,0,1,MEASUREMENT,"2023/12/01 19:19:12"
D,ROOFTOP,ACTUAL,2,"2023/12/01 19:00:00",SA1,139.939,1,MEASUREMENT,"2023/12/01 19:19:13"
D,ROOFTOP,ACTUAL,2,"2023/12/01 19:00:00",TAS1,11.078,1,MEASUREMENT,"2023/12/01 19:19:13"
D,ROOFTOP,ACTUAL,2,"2023/12/01 19:00:00",TASN,4.033,1,MEASUREMENT,"2023/12/01 19:19:13"
D,ROOFTOP,ACTUAL,2,"2023/12/01 19:00:00",TASS,7.024,1,MEASUREMENT,"2023/12/01 19:19:13"
D,ROOFTOP,ACTUAL,2,"2023/12/01 19:00:00",VIC1,54.776,1,MEASUREMENT,"2023/12/01 19:19:13"
C,"END OF REPORT",13
