C,NEMP.WORLD,ROOFTOP_PV_ACTUAL_SATELLITE,AEMO,PUBLIC,2023/05/30,07:00:03,0000000388360923,DEMAND,0000000388360922
I,ROOFTOP,ACTUAL,2,INTERVAL_DATETIME,REGIONID,POWER,QI,TYPE,LASTCHANGED
D,ROOFTOP,ACTUAL,2,"2023/05/30 06:30:00",NSW1,0.608,0.6,SATELLITE,"2023/05/30 06:50:22"
D,ROOFTOP,ACTUAL,2,"2023/05/30 06:30:00",QLD1,11.992,0.6,SATELLITE,"2023/05/30 06:50:22"
D,ROOFTOP,ACTUAL,2,"2023/05/30 06:30:00",QLDC,1.411,0.6,SATELLITE,"2023/05/30 06:50:23"
D,ROOFTOP,ACTUAL,2,"2023/05/30 06:30:00",QLDN,0.058,0.6,SATELLITE,"2023/05/30 06:50:23"
D,ROOFTOP,ACTUAL,2,"2023/05/30 06:30:00",QLDS,10.523,0.6,SATELLITE,"2023/05/30 06:50:23"
D,ROOFTOP,ACTUAL,2,"2023/05/30 06:30:00",SA1,0,0.6,SATELLITE,"2023/05/30 06:50:23"
D,ROOFTOP,ACTUAL,2,"2023/05/30 06:30:00",TAS1,0,0.6,SATELLITE,"2023/05/30 06:50:23"
D,ROOFTOP,ACTUAL,2,"2023/05/30 06:30:00",TASN,0,0.6,SATELLITE,"2023/05/30 06:50:23"
D,ROOFTOP,ACTUAL,2,"2023/05/30 06:30:00",TASS,0,0.6,SATELLITE,"2023/05/30 06:50:23"
D,ROOFTOP,ACTUAL,2,"2023/05/30 06:30:00",VIC1,0,0.6,SATELLITE,"2023/05/30 06:50:23"
C,"END OF REPORT",13
