C,NEMP.WORLD,ROOFTOP_PV_ACTUAL_MEASUREMENT,AEMO,PUBLIC,2023/03/18,06:30:02,0000000383004839,DEMAND,0000000383004839
I,ROOFTOP,ACTUAL,2,INTERVAL_DATETIME,REGIONID,POWER,QI,TYPE,LASTCHANGED
D,ROOFTOP,ACTUAL,2,"2023/03/18 06:00:00",NSW1,0.687,1,MEASUREMENT,"2023/03/18 06:19:23"
D,ROOFTOP,ACTUAL,2,"2023/03/18 06:00:00",QLD1,3.065,1,MEASUREMENT,"2023/03/18 06:19:23"
D,ROOFTOP,ACTUAL,2,"2023/03/18 06:00:00",QLDC,0.075,1,MEASUREMENT,"2023/03/18 06:19:23"
D,ROOFTOP,ACTUAL,2,"2023/03/18 06:00:00",QLDN,0,1,MEASUREMENT,"2023/03/18 06:19:23"
D,ROOFTOP,ACTUAL,2,"2023/03/18 06:00:00",QLDS,2.989,1,MEASUREMENT,"2023/03/18 06:19:23"
D,ROOFTOP,ACTUAL,2,"2023/03/18 06:00:00",SA1,0,1,MEASUREMENT,"2023/03/18 06:19:23"
D,ROOFTOP,ACTUAL,2,"2023/03/18 06:00:00",TAS1,0,1,MEASUREMENT,"2023/03/18 06:19:23"
D,ROOFTOP,ACTUAL,2,"2023/03/18 06:00:00",TASN,0,1,MEASUREMENT,"2023/03/18 06:19:23"
D,ROOFTOP,ACTUAL,2,"2023/03/18 06:00:00",TASS,0,1,MEASUREMENT,"2023/03/18 06:19:23"
D,ROOFTOP,ACTUAL,2,"2023/03/18 06:00:00",VIC1,0,1,MEASUREMENT,"2023/03/18 06:19:23"
C,"END OF REPORT",13
