C,NEMP.WORLD,ROOFTOP_PV_ACTUAL_SATELLITE,AEMO,PUBLIC,2023/08/23,18:30:02,0000000395308520,DEMAND,0000000395308519
I,ROOFTOP,ACTUAL,2,INTERVAL_DATETIME,REGIONID,POWER,QI,TYPE,LASTCHANGED
D,ROOFTOP,ACTUAL,2,"2023/08/23 18:00:00",NSW1,1.213,0.6,SATELLITE,"2023/08/23 18:20:20"
D,ROOFTOP,ACTUAL,2,"2023/08/23 18:00:00",QLD1,13.961,0.6,SATELLITE,"2023/08/23 18:20:21"
D,ROOFTOP,ACTUAL,2,"2023/08/23 18:00:00",QLDC,0,0.6,SATELLITE,"2023/08/23 18:20:21"
D,ROOFTOP,ACTUAL,2,"2023/08/23 18:00:00",QLDN,13.75,0.6,SATELLITE,"2023/08/23 18:20:21"
D,ROOFTOP,ACTUAL,2,"2023/08/23 18:00:00",QLDS,0.211,0.6,SATELLITE,"2023/08/23 18:20:21"
D,ROOFTOP,ACTUAL,2,"2023/08/23 18:00:00",SA1,65.649,0.6,SATELLITE,"2023/08/23 18:20:21"
D,ROOFTOP,ACTUAL,2,"2023/08/23 18:00:00",TAS1,0,0.6,SATELLITE,"2023/08/23 18:20:21"
D,ROOFTOP,ACTUAL,2,"2023/08/23 18:00:00",TASN,0,0.6,SATELLITE,"2023/08/23 18:20:21"
D,ROOFTOP,ACTUAL,2,"2023/08/23 18:00:00",TASS,0,0.6,SATELLITE,"2023/08/23 18:20:21"
D,ROOFTOP,ACTUAL,2,"2023/08/23 18:00:00",VIC1,13.3,0.6,SATELLITE,"2023/08/23 18:20:21"
C,"END OF REPORT",13
