C,NEMP.WORLD,ROOFTOP_PV_ACTUAL_SATELLITE,AEMO,PUBLIC,2023/09/17,09:30:02,0000000397392853,DEMAND,0000000397392852
I,ROOFTOP,ACTUAL,2,INTERVAL_DATETIME,REGIONID,POWER,QI,TYPE,LASTCHANGED
D,ROOFTOP,ACTUAL,2,"2023/09/17 09:00:00",NSW1,2520.907,0.6,SATELLITE,"2023/09/17 09:20:24"
D,ROOFTOP,ACTUAL,2,"2023/09/17 09:00:00",QLD1,2530.352,0.6,SATELLITE,"2023/09/17 09:20:24"
D,ROOFTOP,ACTUAL,2,"2023/09/17 09:00:00",QLDC,242.39,0.6,SATELLITE,"2023/09/17 09:20:24"
D,ROOFTOP,ACTUAL,2,"2023/09/17 09:00:00",QLDN,349.311,0.6,SATELLITE,"2023/09/17 09:20:24"
D,ROOFTOP,ACTUAL,2,"2023/09/17 09:00:00",QLDS,1938.652,0.6,SATELLITE,"2023/09/17 09:20:24"
D,ROOFTOP,ACTUAL,2,"2023/09/17 09:00:00",SA1,671.313,0.6,SATELLITE,"2023/09/17 09:20:24"
D,ROOFTOP,ACTUAL,2,"2023/09/17 09:00:00",TAS1,85.225,0.6,SATELLITE,"2023/09/17 09:20:24"
D,ROOFTOP,ACTUAL,2,"2023/09/17 09:00:00",TASN,46.405,0.6,SATELLITE,"2023/09/17 09:20:24"
D,ROOFTOP,ACTUAL,2,"2023/09/17 09:00:00",TASS,38.82,0.6,SATELLITE,"2023/09/17 09:20:24"
D,ROOFTOP,ACTUAL,2,"2023/09/17 09:00:00",VIC1,1405.569,0.6,SATELLITE,"2023/09/17 09:20:24"
C,"END OF REPORT",13
