C,NEMP.WORLD,ROOFTOP_PV_ACTUAL_MEASUREMENT,AEMO,PUBLIC,2023/12/17,13:30:01,0000000405900392,DEMAND,0000000405900392
I,ROOFTOP,ACTUAL,2,INTERVAL_DATETIME,REGIONID,POWER,QI,TYPE,LASTCHANGED
D,ROOFTOP,ACTUAL,2,"2023/12/17 13:00:00",NSW1,3909.995,1,MEASUREMENT,"2023/12/17 13:19:16"
D,ROOFTOP,ACTUAL,2,"2023/12/17 13:00:00",QLD1,3406.585,1,MEASUREMENT,"2023/12/17 13:19:16"
D,ROOFTOP,ACTUAL,2,"2023/12/17 13:00:00",QLDC,226.018,1,MEASUREMENT,"2023/12/17 13:19:16"
D,ROOFTOP,ACTUAL,2,"2023/12/17 13:00:00",QLDN,353.43,1,MEASUREMENT,"2023/12/17 13:19:16"
D,ROOFTOP,ACTUAL,2,"2023/12/17 13:00:00",QLDS,2827.137,1,MEASUREMENT,"2023/12/17 13:19:16"
D,ROOFTOP,ACTUAL,2,"2023/12/17 13:00:00",SA1,1423.882,1,MEASUREMENT,"2023/12/17 13:19:16"
D,ROOFTOP,ACTUAL,2,"2023/12/17 13:00:00",TAS1,199.307,1,MEASUREMENT,"2023/12/17 13:19:16"
D,ROOFTOP,ACTUAL,2,"2023/12/17 13:00:00",TASN,111.903,1,MEASUREMENT,"2023/12/17 13:19:16"
D,ROOFTOP,ACTUAL,2,"2023/12/17 13:00:00",TASS,87.502,1,MEASUREMENT,"2023/12/17 13:19:16"
D,ROOFTOP,ACTUAL,2,"2023/12/17 13:00:00",VIC1,3108.741,1,MEASUREMENT,"2023/12/17 13:19:16"
C,"END OF REPORT",13
