C,NEMP.WORLD,ROOFTOP_PV_ACTUAL_SATELLITE,AEMO,PUBLIC,2023/03/04,19:30:02,0000000382041407,DEMAND,0000000382041406
I,ROOFTOP,ACTUAL,2,INTERVAL_DATETIME,REGIONID,POWER,QI,TYPE,LASTCHANGED
D,ROOFTOP,ACTUAL,2,"2023/03/04 19:00:00",NSW1,0.523,0.6,SATELLITE,"2023/03/04 19:20:24"
D,ROOFTOP,ACTUAL,2,"2023/03/04 19:00:00",QLD1,0,0.6,SATELLITE,"2023/03/04 19:20:24"
D,ROOFTOP,ACTUAL,2,"2023/03/04 19:00:00",QLDC,0,0.6,SATELLITE,"2023/03/04 19:20:24"
D,ROOFTOP,ACTUAL,2,"2023/03/04 19:00:00",QLDN,0,0.6,SATELLITE,"2023/03/04 19:20:24"
D,ROOFTOP,ACTUAL,2,"2023/03/04 19:00:00",QLDS,0,0.6,SATELLITE,"2023/03/04 19:20:24"
D,ROOFTOP,ACTUAL,2,"2023/03/04 19:00:00",SA1,78.873,0.6,SATELLITE,"2023/03/04 19:20:24"
D,ROOFTOP,ACTUAL,2,"2023/03/04 19:00:00",TAS1,0.338,0.6,SATELLITE,"2023/03/04 19:20:24"
D,ROOFTOP,ACTUAL,2,"2023/03/04 19:00:00",TASN,0.274,0.6,SATELLITE,"2023/03/04 19:20:24"
D,ROOFTOP,ACTUAL,2,"2023/03/04 19:00:00",TASS,0.064,0.6,SATELLITE,"2023/03/04 19:20:24"
D,ROOFTOP,ACTUAL,2,"2023/03/04 19:00:00",VIC1,12.889,0.6,SATELLITE,"2023/03/04 19:20:25"
C,"END OF REPORT",13
