C,NEMP.WORLD,ROOFTOP_PV_ACTUAL_SATELLITE,AEMO,PUBLIC,2023/03/17,06:30:03,0000000382933195,DEMAND,0000000382933194
I,ROOFTOP,ACTUAL,2,INTERVAL_DATETIME,REGIONID,POWER,QI,TYPE,LASTCHANGED
D,ROOFTOP,ACTUAL,2,"2023/03/17 06:00:00",NSW1,18.896,0.6,SATELLITE,"2023/03/17 06:20:23"
D,ROOFTOP,ACTUAL,2,"2023/03/17 06:00:00",QLD1,22.982,0.6,SATELLITE,"2023/03/17 06:20:23"
D,ROOFTOP,ACTUAL,2,"2023/03/17 06:00:00",QLDC,1.543,0.6,SATELLITE,"2023/03/17 06:20:23"
D,ROOFTOP,ACTUAL,2,"2023/03/17 06:00:00",QLDN,0,0.6,SATELLITE,"2023/03/17 06:20:23"
D,ROOFTOP,ACTUAL,2,"2023/03/17 06:00:00",QLDS,21.439,0.6,SATELLITE,"2023/03/17 06:20:23"
D,ROOFTOP,ACTUAL,2,"2023/03/17 06:00:00",SA1,0,0.6,SATELLITE,"2023/03/17 06:20:23"
D,ROOFTOP,ACTUAL,2,"2023/03/17 06:00:00",TAS1,0,0.6,SATELLITE,"2023/03/17 06:20:23"
D,ROOFTOP,ACTUAL,2,"2023/03/17 06:00:00",TASN,0,0.6,SATELLITE,"2023/03/17 06:20:23"
D,ROOFTOP,ACTUAL,2,"2023/03/17 06:00:00",TASS,0,0.6,SATELLITE,"2023/03/17 06:20:23"
D,ROOFTOP,ACTUAL,2,"2023/03/17 06:00:00",VIC1,0,0.6,SATELLITE,"2023/03/17 06:20:23"
C,"END OF REPORT",13
