C,NEMP.WORLD,ROOFTOP_PV_ACTUAL_MEASUREMENT,AEMO,PUBLIC,2023/06/10,18:00:01,0000000389267625,DEMAND,0000000389267625
I,ROOFTOP,ACTUAL,2,INTERVAL_DATETIME,REGIONID,POWER,QI,TYPE,LASTCHANGED
D,ROOFTOP,ACTUAL,2,"2023/06/10 17:30:00",NSW1,0.057,1,MEASUREMENT,"2023/06/10 17:49:13"
D,ROOFTOP,ACTUAL,2,"2023/06/10 17:30:00",QLD1,16.439,1,MEASUREMENT,"2023/06/10 17:49:13"
D,ROOFTOP,ACTUAL,2,"2023/06/10 17:30:00",QLDC,0.13,1,MEASUREMENT,"2023/06/10 17:49:13"
D,ROOFTOP,ACTUAL,2,"2023/06/10 17:30:00",QLDN,16.27,0.7,MEASUREMENT,"2023/06/10 17:49:13"
D,ROOFTOP,ACTUAL,2,"2023/06/10 17:30:00",QLDS,0.039,1,MEASUREMENT,"2023/06/10 17:49:13"
D,ROOFTOP,ACTUAL,2,"2023/06/10 17:30:00",SA1,25.819,0.7,MEASUREMENT,"2023/06/10 17:49:13"
D,ROOFTOP,ACTUAL,2,"2023/06/10 17:30:00",TAS1,0,1,MEASUREMENT,"2023/06/10 17:49:13"
D,ROOFTOP,ACTUAL,2,"2023/06/10 17:30:00",TASN,0,1,MEASUREMENT,"2023/06/10 17:49:13"
D,ROOFTOP,ACTUAL,2,"2023/06/10 17:30:00",TASS,0,1,MEASUREMENT,"2023/06/10 17:49:13"
D,ROOFTOP,ACTUAL,2,"2023/06/10 17:30:00",VIC1,0.333,1,MEASUREMENT,"2023/06/10 17:49:13"
C,"END OF REPORT",13
