C,NEMP.WORLD,ROOFTOP_PV_ACTUAL_MEASUREMENT,AEMO,PUBLIC,2023/12/15,20:30:01,0000000405714434,DEMAND,0000000405714434
I,ROOFTOP,ACTUAL,2,INTERVAL_DATETIME,REGIONID,POWER,QI,TYPE,LASTCHANGED
D,ROOFTOP,ACTUAL,2,"2023/12/15 20:00:00",NSW1,0,1,MEASUREMENT,"2023/12/15 20:19:23"
D,ROOFTOP,ACTUAL,2,"2023/12/15 20:00:00",QLD1,0,1,MEASUREMENT,"2023/12/15 20:19:23"
D,ROOFTOP,ACTUAL,2,"2023/12/15 20:00:00",QLDC,0,1,MEASUREMENT,"2023/12/15 20:19:23"
D,ROOFTOP,ACTUAL,2,"2023/12/15 20:00:00",QLDN,0,1,MEASUREMENT,"2023/12/15 20:19:23"
D,ROOFTOP,ACTUAL,2,"2023/12/15 20:00:00",QLDS,0,1,MEASUREMENT,"2023/12/15 20:19:23"
D,ROOFTOP,ACTUAL,2,"2023/12/15 20:00:00",SA1,9.448,1,MEASUREMENT,"2023/12/15 20:19:23"
D,ROOFTOP,ACTUAL,2,"2023/12/15 20:00:00",TAS1,0.065,1,MEASUREMENT,"2023/12/15 20:19:23"
D,ROOFTOP,ACTUAL,2,"2023/12/15 20:00:00",TASN,0.016,1,MEASUREMENT,"2023/12/15 20:19:23"
D,ROOFTOP,ACTUAL,2,"2023/12/15 20:00:00",TASS,0.049,1,MEASUREMENT,"2023/12/15 20:19:23"
D,ROOFTOP,ACTUAL,2,"2023/12/15 20:00:00",VIC1,0.279,1,MEASUREMENT,"2023/12/15 20:19:23"
C,"END OF REPORT",13
