C,NEMP.WORLD,ROOFTOP_PV_ACTUAL_MEASUREMENT,AEMO,PUBLIC,2023/09/22,06:30:02,0000000397794026,DEMAND,0000000397794026
I,ROOFTOP,ACTUAL,2,INTERVAL_DATETIME,REGIONID,POWER,QI,TYPE,LASTCHANGED
D,ROOFTOP,ACTUAL,2,"2023/09/22 06:00:00",NSW1,3.891,1,MEASUREMENT,"2023/09/22 06:19:12"
D,ROOFTOP,ACTUAL,2,"2023/09/22 06:00:00",QLD1,6.383,1,MEASUREMENT,"2023/09/22 06:19:12"
D,ROOFTOP,ACTUAL,2,"2023/09/22 06:00:00",QLDC,0.749,1,MEASUREMENT,"2023/09/22 06:19:12"
D,ROOFTOP,ACTUAL,2,"2023/09/22 06:00:00",QLDN,0.015,1,MEASUREMENT,"2023/09/22 06:19:12"
D,ROOFTOP,ACTUAL,2,"2023/09/22 06:00:00",QLDS,5.619,1,MEASUREMENT,"2023/09/22 06:19:12"
D,ROOFTOP,ACTUAL,2,"2023/09/22 06:00:00",SA1,0,1,MEASUREMENT,"2023/09/22 06:19:12"
D,ROOFTOP,ACTUAL,2,"2023/09/22 06:00:00",TAS1,0,1,MEASUREMENT,"2023/09/22 06:19:12"
D,ROOFTOP,ACTUAL,2,"2023/09/22 06:00:00",TASN,0,1,MEASUREMENT,"2023/09/22 06:19:12"
D,ROOFTOP,ACTUAL,2,"2023/09/22 06:00:00",TASS,0,1,MEASUREMENT,"2023/09/22 06:19:12"
D,ROOFTOP,ACTUAL,2,"2023/09/22 06:00:00",VIC1,0,1,MEASUREMENT,"2023/09/22 06:19:12"
C,"END OF REPORT",13
