C,NEMP.WORLD,ROOFTOP_PV_ACTUAL_MEASUREMENT,AEMO,PUBLIC,2024/01/08,11:30:02,0000000407888005,DEMAND,0000000407888005
I,ROOFTOP,ACTUAL,2,INTERVAL_DATETIME,REGIONID,POWER,QI,TYPE,LASTCHANGED
D,ROOFTOP,ACTUAL,2,"2024/01/08 11:00:00",NSW1,1845.617,1,MEASUREMENT,"2024/01/08 11:19:12"
D,ROOFTOP,ACTUAL,2,"2024/01/08 11:00:00",QLD1,2636.027,1,MEASUREMENT,"2024/01/08 11:19:12"
D,ROOFTOP,ACTUAL,2,"2024/01/08 11:00:00",QLDC,247.167,1,MEASUREMENT,"2024/01/08 11:19:12"
D,ROOFTOP,ACTUAL,2,"2024/01/08 11:00:00",QLDN,524.916,1,MEASUREMENT,"2024/01/08 11:19:12"
D,ROOFTOP,ACTUAL,2,"2024/01/08 11:00:00",QLDS,1863.945,1,MEASUREMENT,"2024/01/08 11:19:12"
D,ROOFTOP,ACTUAL,2,"2024/01/08 11:00:00",SA1,951.986,1,MEASUREMENT,"2024/01/08 11:19:12"
D,ROOFTOP,ACTUAL,2,"2024/01/08 11:00:00",TAS1,45.97,1,MEASUREMENT,"2024/01/08 11:19:12"
D,ROOFTOP,ACTUAL,2,"2024/01/08 11:00:00",TASN,28.836,1,MEASUREMENT,"2024/01/08 11:19:12"
D,ROOFTOP,ACTUAL,2,"2024/01/08 11:00:00",TASS,17.195,1,MEASUREMENT,"2024/01/08 11:19:12"
D,ROOFTOP,ACTUAL,2,"2024/01/08 11:00:00",VIC1,465.069,1,MEASUREMENT,"2024/01/08 11:19:12"
C,"END OF REPORT",13
