C,NEMP.WORLD,ROOFTOP_PV_ACTUAL_MEASUREMENT,AEMO,PUBLIC,2024/03/09,19:30:02,0000000413248272,DEMAND,0000000413248272
I,ROOFTOP,ACTUAL,2,INTERVAL_DATETIME,REGIONID,POWER,QI,TYPE,LASTCHANGED
D,ROOFTOP,ACTUAL,2,"2024/03/09 19:00:00",NSW1,0,1,MEASUREMENT,"2024/03/09 19:19:18"
D,ROOFTOP,ACTUAL,2,"2024/03/09 19:00:00",QLD1,0,1,MEASUREMENT,"2024/03/09 19:19:18"
D,ROOFTOP,ACTUAL,2,"2024/03/09 19:00:00",QLDC,0,1,MEASUREMENT,"2024/03/09 19:19:18"
D,ROOFTOP,ACTUAL,2,"2024/03/09 19:00:00",QLDN,0,1,MEASUREMENT,"2024/03/09 19:19:18"
D,ROOFTOP,ACTUAL,2,"2024/03/09 19:00:00",QLDS,0,1,MEASUREMENT,"2024/03/09 19:19:18"
D,ROOFTOP,ACTUAL,2,"2024/03/09 19:00:00",SA1,35.319,1,MEASUREMENT,"2024/03/09 19:19:18"
D,ROOFTOP,ACTUAL,2,"2024/03/09 19:00:00",TAS1,0.166,1,MEASUREMENT,"2024/03/09 19:19:18"
D,ROOFTOP,ACTUAL,2,"2024/03/09 19:00:00",TASN,0.066,1,MEASUREMENT,"2024/03/09 19:19:18"
D,ROOFTOP,ACTUAL,2,"2024/03/09 19:00:00",TASS,0.1,1,MEASUREMENT,"2024/03/09 19:19:18"
D,ROOFTOP,ACTUAL,2,"2024/03/09 19:00:00",VIC1,6.118,1,MEASUREMENT,"2024/03/09 19:19:18"
C,"END OF REPORT",13
